customer_bkey,cust_marital_status,cust_area,age_days,acct_curr_crlimit,med_monthly_tran_amt_12_effective,acct_num_cards_classic_12,acct_num_cards_platinum_12,tot_tran_amt_child_effective,tot_tran_amt_pharm_hosp_effective,tot_tran_amt_auto_effective,acct_avail_cash,acct_dayssince_first_acct_open,cust_amla_rind,cust_unsup_seg,score,quantil_rank
0,M,Kalinga-Apayao,5475,23703.0,904.0,3,3,270.0,1301.0,1262.0,12859.0,730,H,4,0.66,5
1,S,Palawan,1825,12359.0,1731.0,1,0,1375.0,1598.0,842.0,12836.0,2190,N,3,0.53,1
2,U,Guimaras,4380,13156.0,1499.0,1,0,499.0,1252.0,36.0,5969.0,1460,N,2,0.56,2
3,M,Catanduanes,6570,25734.0,2440.0,0,0,1950.0,601.0,1642.0,4930.0,6935,U,7,0.64,4
4,S,Sorsogon,7665,13047.0,533.0,1,0,111.0,610.0,2988.0,11164.0,4015,U,3,0.65,5
5,D,Camarines Norte,7665,48906.0,343.0,0,0,2266.0,417.0,498.0,105562.0,1460,N,5,0.8,9
6,U,Quezon Province,24455,6477.0,57.0,3,1,439.0,1652.0,4620.0,22344.0,4380,H,6,0.74,8
7,S,Metropolitan Manila,5840,42250.0,2632.0,2,1,1141.0,381.0,363.0,5078.0,1460,U,3,0.65,5
8,S,Ilocos Sur,10950,8836.0,311.0,0,1,84.0,79.0,566.0,15711.0,2555,U,4,0.68,6
9,D,Bulacan,23360,6973.0,970.0,2,1,324.0,1486.0,562.0,45312.0,11315,L,3,0.78,9
10,D,Bulacan,14965,41281.0,115.0,1,3,2742.0,57.0,1020.0,31734.0,365,U,3,0.8,9
11,M,Guimaras,9125,14445.0,25.0,2,0,43.0,115.0,696.0,1656.0,365,N,1,0.61,3
12,O,Davao Del Sur,7300,68.0,307.0,0,0,1964.0,1040.0,119.0,52969.0,2555,L,-1,0.58,2
13,M,Manila,9490,18578.0,994.0,3,1,1397.0,648.0,292.0,35031.0,365,N,1,0.74,8
14,M,Cebu,1460,5820.0,230.0,2,1,51.0,303.0,22.0,24641.0,730,U,2,0.51,1
15,M,Nueva Vizcaya,15695,7500.0,337.0,0,1,190.0,1239.0,4270.0,3818.0,730,H,1,0.66,5
16,M,Sulu,1460,12727.0,159.0,2,3,1020.0,28.0,410.0,1691.0,30660,L,2,0.44,0
17,M,Guimaras,1460,40906.0,1291.0,2,1,1967.0,707.0,836.0,3967.0,365,L,4,0.52,1
18,D,Basilan,27576,24016.0,322.0,1,1,1565.0,36.0,156.0,14117.0,1825,L,7,0.8,9
19,M,Quezon Province,1095,29672.0,1002.0,1,0,1369.0,842.0,1778.0,52031.0,1095,N,4,0.59,3
20,U,Sarangani,730,21531.0,64.0,2,0,1154.0,346.0,919.0,14938.0,1460,N,-1,0.46,0
21,M,Sarangani,5475,4070.0,526.0,1,1,390.0,4980.0,185.0,45906.0,0,N,2,0.64,4
22,U,Quezon Province,1460,16312.0,1440.0,1,1,2366.0,342.0,161.0,8938.0,3285,N,2,0.49,0
23,M,Basilan,1825,2562.0,512.0,2,0,147.0,1391.0,260.0,8602.0,1825,L,4,0.46,0
24,D,Davao Del Sur,21900,58250.0,50.0,0,0,760.0,2232.0,1084.0,4777.0,730,L,2,0.77,8
25,U,Manila,3650,19844.0,43.0,2,1,1168.0,22.0,1620.0,2184.0,-31956,L,6,0.53,1
26,M,Manila,4380,6129.0,332.0,2,2,320.0,1198.0,684.0,1393.0,1095,U,-1,0.5,1
27,M,Lanao Del Norte,9855,57594.0,2776.0,3,2,1480.0,1343.0,346.0,2744.0,4015,N,1,0.69,6
28,M,Tarlac,1095,17109.0,890.0,3,0,1316.0,2898.0,100.0,14180.0,365,L,2,0.51,1
29,M,Guimaras,11680,9422.0,453.0,2,1,804.0,1175.0,266.0,5180.0,0,L,5,0.65,5
30,M,Batangas,5475,6156.0,745.0,0,1,1728.0,756.0,748.0,36562.0,365,L,6,0.65,5
31,S,Manila,21170,3029.0,374.0,2,0,85.0,664.0,1310.0,5629.0,1095,H,-1,0.66,5
32,M,Cebu,8395,11656.0,3784.0,1,2,880.0,1537.0,367.0,38562.0,1825,H,6,0.72,7
33,S,Southern Leyte,-4380,1743.0,3904.0,1,1,838.0,90.0,2696.0,12648.0,365,N,5,0.53,1
34,U,Mindoro Oriental,2190,12320.0,116.0,1,1,3618.0,2104.0,168.0,52062.0,2920,L,4,0.59,3
35,S,Lanao Del Norte,1460,27188.0,176.0,3,0,1526.0,2256.0,1016.0,37094.0,365,L,3,0.59,3
36,S,Davao del Norte,10585,42781.0,1459.0,1,2,3186.0,1187.0,2000.0,2682.0,3650,L,6,0.68,6
37,M,Isabela,10585,5684.0,2562.0,0,1,786.0,3382.0,3588.0,12117.0,3285,N,4,0.66,5
38,U,Guimaras,6570,15672.0,1184.0,0,0,3204.0,740.0,1437.0,3193.0,6935,L,-1,0.58,2
39,M,Camarines Norte,730,17203.0,786.0,1,1,1530.0,348.0,2090.0,30688.0,1095,L,2,0.51,1
40,U,Siquijor,6935,6891.0,658.0,1,2,164.0,1162.0,1145.0,298.0,2555,U,2,0.5,1
41,M,Batanes,14965,22938.0,332.0,2,0,10.0,129.0,267.0,8219.0,1460,H,1,0.73,7
42,S,Marinduque,5840,278.0,480.0,2,1,132.0,452.0,401.0,3953.0,1095,N,2,0.48,0
43,M,Manila,365,4199.0,35.0,2,0,1143.0,2160.0,1339.0,7828.0,2555,N,1,0.33,0
44,D,Mindoro Oriental,2555,30594.0,1249.0,3,0,435.0,679.0,1791.0,43844.0,12045,U,-1,0.64,4
45,D,Sarangani,1825,2568.0,304.0,1,0,1578.0,574.0,1359.0,31609.0,4015,N,2,0.5,1
46,S,Camarines Norte,13140,2168.0,329.0,2,1,1125.0,1795.0,186.0,22969.0,3650,U,-1,0.66,5
47,D,Camarines Norte,9125,4637.0,4920.0,2,1,600.0,1381.0,125.0,11883.0,2920,H,5,0.62,4
48,S,Quezon Province,4015,673.0,890.0,2,0,273.0,1157.0,1370.0,24703.0,5475,N,1,0.53,1
49,D,Maguindanao,730,10875.0,1792.0,2,1,539.0,248.0,731.0,15250.0,3285,L,2,0.44,0
50,D,Sarangani,9490,12211.0,471.0,1,1,2160.0,453.0,518.0,37125.0,730,U,3,0.71,7
51,D,Quirino Province,1825,12070.0,2060.0,1,0,946.0,458.0,1380.0,7352.0,5475,N,5,0.49,0
52,D,Zamboanga Del Norte,13140,544.0,722.0,3,1,18.0,5852.0,428.0,44750.0,730,L,2,0.65,5
53,D,Guimaras,32120,20906.0,93.0,1,0,1503.0,72.0,272.0,53250.0,730,N,1,0.86,9
54,M,Maguindanao,4380,12828.0,1488.0,2,3,683.0,65.0,3494.0,36469.0,2190,U,6,0.66,5
55,D,Surigao del Norte,6205,6820.0,1664.0,0,1,1847.0,300.0,5270.0,2561.0,1825,L,2,0.54,1
56,S,Kalinga-Apayao,14965,13742.0,602.0,1,0,2066.0,214.0,716.0,11711.0,365,H,2,0.72,7
57,S,Tawi-Tawi,5840,13891.0,792.0,3,0,657.0,1212.0,800.0,15977.0,1095,U,7,0.65,4
58,D,Camarines Sur,8030,11969.0,73.0,2,0,1120.0,336.0,182.0,27828.0,1095,U,4,0.68,6
59,M,Sarangani,5475,41844.0,1235.0,2,1,49.0,1245.0,650.0,13414.0,730,L,1,0.69,6
60,U,Lanao Del Norte,2920,25031.0,8.0,2,0,190.0,156.0,3390.0,3502.0,2190,N,4,0.53,1
61,U,South Cotabato,4015,7176.0,117.0,0,0,387.0,1303.0,104.0,19234.0,6935,N,-1,0.58,2
62,U,Camarines Norte,23725,1288.0,196.0,0,0,1570.0,940.0,2236.0,4020.0,7300,U,1,0.62,3
63,D,Cavite,11315,58875.0,327.0,2,0,82.0,5264.0,235.0,64750.0,4745,L,2,0.82,9
64,D,Sarangani,3285,4078.0,1411.0,2,0,608.0,1436.0,852.0,2006.0,1825,U,2,0.46,0
65,M,Davao del Norte,9490,12625.0,1317.0,2,0,1164.0,261.0,1053.0,25031.0,1460,N,-1,0.71,7
66,D,Palawan,14965,5918.0,714.0,1,0,429.0,886.0,25.0,34781.0,1460,N,7,0.72,7
67,M,Bataan,-19181,9648.0,4870.0,2,1,323.0,2080.0,230.0,16219.0,0,N,2,0.75,8
68,M,Agusan Del Sur,3285,51594.0,31.0,0,1,349.0,1622.0,590.0,23203.0,3285,H,4,0.68,6
69,D,Lanao Del Norte,2555,15305.0,2560.0,0,0,764.0,2840.0,622.0,3510.0,2920,L,3,0.51,1
70,S,Pangasinan,15695,16938.0,192.0,3,0,133.0,122.0,364.0,7586.0,730,N,4,0.71,7
71,M,Guimaras,2555,16859.0,2260.0,2,0,5236.0,426.0,3154.0,37562.0,730,U,4,0.62,4
72,M,Kalinga-Apayao,9490,1972.0,1455.0,2,0,2982.0,372.0,3760.0,16812.0,1460,U,7,0.63,4
73,M,Camarines Norte,5475,10234.0,1263.0,3,1,1416.0,222.0,83.0,12062.0,730,N,-1,0.62,4
74,U,Zamboanga Del Sur,365,5410.0,892.0,2,1,3006.0,3704.0,555.0,6145.0,2920,L,6,0.31,0
75,S,Quezon Province,1460,40062.0,1291.0,1,0,794.0,732.0,2360.0,87938.0,2920,U,1,0.64,4
76,U,Manila,-32321,13516.0,194.0,1,0,262.0,1309.0,1166.0,49719.0,730,N,1,0.83,9
77,M,Mindoro Occidental,16790,80562.0,880.0,1,0,265.0,1811.0,730.0,21250.0,2190,N,2,0.84,9
78,M,La Union,13505,2160.0,371.0,1,0,554.0,2276.0,2804.0,15867.0,1825,H,3,0.66,5
79,S,Quirino Province,2190,6039.0,2000.0,2,0,271.0,295.0,268.0,6742.0,2190,U,2,0.49,0
80,U,Ifugao,1825,11336.0,59.0,1,0,1134.0,5.0,458.0,1809.0,7665,L,6,0.44,0
81,M,Lanao Del Norte,19710,32094.0,29.0,0,0,250.0,1025.0,84.0,63375.0,2555,U,2,0.86,9
82,M,Zamboanga Del Sur,5475,5633.0,738.0,2,0,234.0,3300.0,1192.0,52562.0,5110,L,2,0.66,5
83,D,Manila,-9125,1669.0,391.0,2,0,2132.0,924.0,556.0,32344.0,730,U,7,0.63,4
84,D,Nueva Ecija,5110,20578.0,1423.0,0,0,1248.0,502.0,1747.0,9000.0,1460,H,-1,0.62,3
85,O,Tarlac,14600,2277.0,1202.0,2,0,1010.0,60.0,361.0,19953.0,4380,N,4,0.66,5
86,M,Batangas,15330,2932.0,165.0,1,0,542.0,869.0,1405.0,35656.0,1825,L,3,0.72,7
87,S,Mindoro Oriental,22995,129750.0,344.0,1,0,410.0,205.0,290.0,15375.0,1095,N,1,0.87,9
88,D,Albay,18250,32000.0,136.0,2,0,70.0,531.0,596.0,56938.0,1825,L,4,0.83,9
89,S,Davao Oriental,1095,27391.0,131.0,1,0,707.0,1560.0,162.0,9805.0,5110,L,3,0.5,1
90,D,Sarangani,10950,13367.0,290.0,0,1,324.0,12.0,2860.0,29938.0,1095,N,-1,0.72,7
91,M,Pangasinan,11315,19656.0,4870.0,1,1,1209.0,4384.0,555.0,36375.0,730,H,2,0.76,8
92,S,Masbate,4380,18234.0,1578.0,1,0,398.0,82.0,1109.0,3879.0,8030,N,3,0.57,2
93,S,Isabela,4745,90438.0,1841.0,2,0,4724.0,425.0,1789.0,1213.0,730,N,2,0.62,3
94,U,Manila,20075,16625.0,98.0,1,0,110.0,3250.0,183.0,724.0,1460,N,5,0.65,5
95,M,Sarangani,5110,17625.0,468.0,1,1,192.0,1961.0,295.0,11188.0,8760,U,2,0.64,4
96,M,Sarangani,7300,9727.0,210.0,2,1,1020.0,322.0,974.0,42375.0,730,N,1,0.7,6
97,D,Misamis Oriental,10585,9539.0,37.0,1,2,3334.0,1778.0,171.0,50344.0,365,U,-1,0.72,7
98,U,Lanao Del Norte,8760,1425.0,678.0,0,1,1173.0,2052.0,352.0,13031.0,0,N,5,0.58,2
99,S,Agusan Del Sur,13140,24344.0,230.0,3,2,886.0,63.0,199.0,2404.0,365,N,2,0.67,5
100,D,Kalinga-Apayao,1095,33188.0,221.0,1,0,685.0,1243.0,586.0,13992.0,4015,N,4,0.52,1
101,M,Manila,4745,27516.0,2039.0,2,0,607.0,1786.0,217.0,13367.0,1825,L,2,0.66,5
102,M,Davao del Norte,3285,10516.0,181.0,3,1,673.0,1280.0,1130.0,3119.0,365,L,3,0.53,1
103,U,Catanduanes,29565,5094.0,888.0,3,1,1419.0,1228.0,926.0,10070.0,1460,U,-1,0.72,7
104,D,Mindoro Occidental,11315,39406.0,228.0,4,0,1396.0,295.0,726.0,53344.0,4745,N,1,0.79,9
105,M,Bulacan,2920,16109.0,1062.0,1,1,3800.0,1727.0,330.0,11656.0,2190,N,1,0.58,2
106,M,Camarines Norte,5840,20531.0,1121.0,1,0,4450.0,48.0,2090.0,55906.0,730,N,4,0.72,7
107,M,Camarines Norte,-26116,32188.0,488.0,2,1,25.0,646.0,1041.0,57594.0,730,L,6,0.88,9
108,M,Camarines Sur,6205,41969.0,368.0,3,2,2230.0,2166.0,549.0,44219.0,10220,N,3,0.75,8
109,U,Lanao Del Norte,4380,1651.0,3382.0,2,0,1081.0,718.0,588.0,2947.0,3285,L,1,0.46,0
110,M,Antique,16790,9453.0,470.0,0,2,428.0,308.0,218.0,7816.0,365,L,7,0.7,6
111,M,Capiz,4015,12711.0,2009.0,0,0,33.0,186.0,1053.0,15352.0,1095,U,1,0.61,3
112,S,Biliran,29565,9484.0,4308.0,1,2,965.0,2.0,1027.0,12977.0,1825,U,1,0.77,8
113,M,Camarines Norte,11680,6762.0,342.0,2,2,451.0,982.0,306.0,17250.0,1095,N,2,0.69,6
114,S,Cagayan,3285,54219.0,156.0,1,2,86.0,238.0,436.0,19453.0,2190,U,1,0.66,5
115,S,Camarines Norte,2190,11031.0,246.0,2,2,618.0,796.0,433.0,12852.0,8030,H,1,0.54,1
116,D,Ilocos Sur,18250,5180.0,124.0,0,1,1961.0,110.0,1008.0,6461.0,1460,N,7,0.66,5
117,S,Camiguin,2190,17938.0,1905.0,2,0,578.0,684.0,151.0,4703.0,730,U,-1,0.52,1
118,M,Camarines Norte,2555,2357.0,1347.0,1,1,866.0,915.0,14.0,49781.0,5110,N,4,0.56,2
119,S,Negros Occidental,9490,7262.0,66.0,0,0,6664.0,144.0,1622.0,16438.0,0,N,2,0.66,5
120,U,Manila,3285,6805.0,134.0,1,0,61.0,88.0,826.0,4531.0,1825,L,1,0.5,1
121,S,Zambales,4380,15609.0,1053.0,2,0,1036.0,1054.0,706.0,14070.0,2190,L,4,0.62,4
122,U,Mindoro Occidental,6205,18938.0,1839.0,1,0,466.0,454.0,1130.0,3668.0,4745,N,-1,0.59,3
123,M,Agusan Del Norte,6570,140625.0,1390.0,1,1,2550.0,496.0,357.0,2961.0,1825,N,3,0.7,6
124,U,Camarines Norte,13140,7102.0,1027.0,1,1,810.0,2588.0,21.0,3004.0,8030,N,2,0.61,3
125,M,Sorsogon,6570,8117.0,260.0,2,0,2096.0,55.0,1309.0,24422.0,730,L,2,0.66,5
126,M,Nueva Ecija,4015,3559.0,350.0,2,0,453.0,796.0,910.0,80375.0,1095,U,2,0.64,4
127,S,Quezon Province,2920,1480.0,1747.0,1,2,30.0,854.0,332.0,3564.0,2190,N,2,0.44,0
128,M,Kalinga-Apayao,5110,238.0,85.0,2,0,1920.0,49.0,993.0,48344.0,1095,H,5,0.58,2
129,U,Guimaras,1460,30422.0,828.0,0,0,2019.0,1138.0,1889.0,15336.0,1460,L,2,0.54,1
130,M,Lanao Del Norte,9490,2381.0,1056.0,1,1,1195.0,334.0,160.0,10656.0,3650,U,2,0.61,3
131,M,Camarines Norte,9125,1875.0,1024.0,1,0,947.0,517.0,371.0,514.0,1460,L,7,0.51,1
132,U,Mindoro Occidental,17885,22000.0,1512.0,3,0,188.0,670.0,343.0,7219.0,730,U,-1,0.72,7
133,S,Quezon Province,17155,25953.0,628.0,1,1,1166.0,664.0,915.0,59000.0,0,U,3,0.83,9
134,U,Laguna,4380,15500.0,2550.0,1,3,159.0,4556.0,574.0,19016.0,1095,U,4,0.62,3
135,M,Sorsogon,29930,23859.0,1875.0,1,1,449.0,1063.0,424.0,4918.0,3285,L,2,0.78,8
136,M,Nueva Vizcaya,5110,2000.0,105.0,0,1,1081.0,639.0,540.0,7922.0,365,H,2,0.54,1
137,U,Metropolitan Manila,2920,14375.0,168.0,0,1,2192.0,1939.0,662.0,23750.0,8030,N,1,0.59,3
138,S,Cagayan,5840,26781.0,161.0,1,0,879.0,1016.0,439.0,54656.0,4015,N,2,0.73,7
139,D,Quezon Province,6570,23609.0,970.0,1,1,350.0,160.0,738.0,10133.0,0,U,4,0.65,5
140,M,Batangas,18980,14102.0,1406.0,4,1,394.0,238.0,2054.0,22359.0,0,L,2,0.77,8
141,M,Bataan,8395,2811.0,4006.0,1,0,570.0,209.0,1292.0,12062.0,1095,L,1,0.61,3
142,S,Quezon Province,2190,17156.0,437.0,2,0,376.0,50.0,735.0,412.0,1095,N,2,0.45,0
143,U,Pangasinan,3650,22516.0,2224.0,1,0,550.0,583.0,1775.0,28906.0,1460,N,6,0.64,4
144,D,Bulacan,17155,7129.0,1272.0,3,1,2156.0,1072.0,42.0,32219.0,1095,L,1,0.74,8
145,D,Laguna,11680,8500.0,1120.0,0,0,1474.0,1864.0,1419.0,12680.0,1825,N,2,0.67,5
146,M,Siquijor,6570,56656.0,49.0,1,1,560.0,2306.0,808.0,11320.0,365,U,4,0.71,7
147,M,Manila,4380,12570.0,1100.0,2,0,158.0,207.0,2502.0,24656.0,1825,N,2,0.64,4
148,S,Antique,21900,17562.0,719.0,2,1,81.0,269.0,1409.0,26047.0,730,U,6,0.8,9
149,O,Sulu,1095,10531.0,570.0,1,1,4710.0,283.0,638.0,54719.0,1460,N,6,0.52,1
150,S,Catanduanes,14235,14906.0,1720.0,1,0,698.0,3532.0,389.0,823.0,730,H,-1,0.63,4
151,S,Masbate,11315,77625.0,408.0,1,0,9.0,1134.0,327.0,10719.0,1095,U,1,0.76,8
152,M,Maguindanao,16060,47156.0,264.0,1,0,502.0,374.0,3.0,17266.0,4015,N,-1,0.8,9
153,M,Nueva Ecija,3650,45625.0,36.0,2,0,602.0,257.0,421.0,1525.0,2190,N,6,0.58,2
154,M,Maguindanao,4380,38062.0,74.0,2,2,1054.0,217.0,11.0,3613.0,365,H,4,0.61,3
155,S,Sulu,8395,15281.0,1247.0,2,2,84.0,771.0,74.0,6160.0,0,N,2,0.64,4
156,O,Camiguin,2555,58094.0,212.0,1,3,3856.0,1078.0,124.0,5355.0,6205,H,4,0.57,2
157,U,Lanao Del Norte,5110,3031.0,692.0,1,1,1725.0,881.0,586.0,36938.0,1460,N,2,0.6,3
158,U,Kalinga-Apayao,4745,30781.0,120.0,0,0,2124.0,667.0,1085.0,1814.0,2555,L,2,0.56,2
159,U,Sarangani,17885,11031.0,115.0,3,0,1725.0,752.0,263.0,32125.0,7665,U,2,0.75,8
160,M,Aklan,16060,3182.0,684.0,4,1,996.0,177.0,290.0,22797.0,365,L,2,0.7,6
161,D,Sorsogon,5475,16297.0,450.0,2,0,858.0,177.0,1367.0,3219.0,365,H,1,0.57,2
162,S,Zambales,6935,39812.0,4492.0,1,1,1251.0,1022.0,5564.0,8047.0,9855,U,-1,0.68,6
163,S,Romblon,6570,23750.0,594.0,1,3,4156.0,301.0,1298.0,52938.0,3285,N,3,0.73,7
164,M,Tawi-Tawi,730,5066.0,1124.0,2,1,1209.0,1470.0,112.0,15000.0,365,N,4,0.42,0
165,M,Negros Occidental,11315,1812.0,698.0,0,0,571.0,286.0,3890.0,5891.0,1095,L,2,0.6,3
166,U,Lanao Del Norte,5475,7137.0,160.0,3,1,423.0,1656.0,116.0,18016.0,2190,N,2,0.6,3
167,M,Bataan,11315,29062.0,664.0,2,0,476.0,2544.0,803.0,23000.0,1095,N,2,0.76,8
168,M,Sarangani,2190,47531.0,232.0,1,0,2502.0,50.0,419.0,22734.0,365,L,2,0.63,4
169,M,Ifugao,5110,4906.0,656.0,3,1,2009.0,681.0,1201.0,11375.0,1825,N,2,0.58,2
170,D,Davao del Norte,7300,10516.0,1593.0,1,0,85.0,2244.0,1116.0,26766.0,730,U,2,0.67,5
171,S,Ilocos Norte,16425,17344.0,39.0,2,1,484.0,702.0,654.0,19859.0,3285,L,1,0.76,8
172,U,Nueva Vizcaya,365,19453.0,1034.0,0,0,836.0,1027.0,814.0,40750.0,730,U,2,0.44,0
173,D,Sulu,15330,66375.0,1091.0,2,2,319.0,1936.0,355.0,34750.0,2920,L,3,0.83,9
174,M,Zamboanga Del Sur,23725,8461.0,515.0,0,1,509.0,18.0,335.0,10422.0,730,N,4,0.74,8
175,U,Kalinga-Apayao,11680,5266.0,216.0,1,1,727.0,5092.0,83.0,25609.0,365,L,4,0.68,6
176,D,Bulacan,1095,18266.0,1530.0,4,1,1886.0,567.0,3478.0,13594.0,1460,N,2,0.49,0
177,M,Mindoro Oriental,9125,22969.0,70.0,1,1,2000.0,1998.0,4570.0,44719.0,1825,L,6,0.76,8
178,D,Sarangani,5475,30375.0,979.0,2,2,775.0,250.0,365.0,9281.0,1095,U,4,0.64,4
179,M,Sarangani,10585,8305.0,1706.0,1,0,1003.0,161.0,127.0,49094.0,2555,L,4,0.73,7
180,U,Manila,4015,8914.0,185.0,1,1,2820.0,660.0,194.0,1453.0,1460,N,5,0.49,0
181,S,Manila,29200,28922.0,257.0,2,0,308.0,546.0,4536.0,9625.0,0,L,3,0.8,9
182,M,Masbate,16790,6020.0,1048.0,1,1,2460.0,1714.0,136.0,1866.0,730,N,2,0.63,4
183,D,Kalinga-Apayao,22995,35438.0,2690.0,0,2,4684.0,3174.0,732.0,3818.0,3650,N,2,0.74,8
184,M,Sarangani,13505,42719.0,3070.0,2,1,13.0,480.0,1441.0,24922.0,3285,L,5,0.8,9
185,D,Masbate,4015,41344.0,642.0,1,1,808.0,713.0,1163.0,10359.0,1095,N,2,0.63,4
186,S,Pangasinan,2920,5387.0,119.0,3,1,1595.0,1534.0,166.0,3160.0,365,N,1,0.48,0
187,S,Camarines Norte,16790,3068.0,174.0,0,1,66.0,64.0,1470.0,46281.0,1095,N,4,0.73,7
188,M,Mindoro Oriental,-24820,39594.0,1327.0,0,0,2294.0,2818.0,782.0,490.0,730,L,2,0.72,7
189,M,Manila,8395,22938.0,183.0,1,2,438.0,3650.0,1060.0,19578.0,9855,N,2,0.72,7
190,D,Lanao Del Norte,5475,45406.0,534.0,0,1,1455.0,664.0,87.0,2137.0,1095,N,2,0.61,3
191,M,Agusan Del Sur,21170,1358.0,3246.0,1,2,24.0,988.0,742.0,1979.0,13140,N,1,0.61,3
192,D,Zamboanga Del Sur,8760,7555.0,1254.0,3,1,140.0,542.0,174.0,82500.0,8030,L,3,0.72,7
193,S,Capiz,22630,43531.0,446.0,2,0,88.0,1705.0,1029.0,51.0,3285,L,-1,0.69,6
194,D,Lanao Del Norte,2920,71625.0,783.0,2,1,527.0,1418.0,1861.0,10430.0,8030,L,2,0.63,4
195,M,Bulacan,9125,26312.0,2276.0,3,1,757.0,72.0,2498.0,48719.0,2920,U,2,0.77,8
196,M,Surigao del Sur,8760,4812.0,119.0,0,0,500.0,1503.0,124.0,2768.0,7300,N,1,0.58,2
197,M,Bulacan,1460,9648.0,1744.0,2,2,1281.0,235.0,3554.0,135500.0,18980,U,7,0.61,3
198,D,Maguindanao,5475,8117.0,219.0,2,1,88.0,1245.0,868.0,20062.0,8760,H,2,0.62,4
199,M,Sarangani,2555,4602.0,1500.0,0,0,1952.0,2132.0,476.0,4723.0,365,N,-1,0.48,0
200,M,Quezon Province,5110,3350.0,206.0,3,1,807.0,632.0,1543.0,9992.0,1825,N,-1,0.57,2
201,M,Sarangani,10950,8555.0,599.0,2,1,1030.0,127.0,325.0,16594.0,365,U,2,0.69,6
202,S,Surigao del Sur,14235,20516.0,465.0,2,2,1056.0,1978.0,560.0,49938.0,1095,U,6,0.79,9
203,M,Mindoro Oriental,2190,34719.0,63.0,3,0,1052.0,695.0,2618.0,3303.0,4015,L,2,0.54,1
204,M,Lanao Del Norte,32485,55125.0,614.0,2,1,27.0,5500.0,6656.0,35094.0,4015,N,2,0.9,9
205,O,Quezon Province,4015,14109.0,1109.0,2,0,2090.0,442.0,526.0,18891.0,13140,N,4,0.6,3
206,O,Mindoro Occidental,5475,6270.0,197.0,1,0,80.0,41.0,2050.0,69875.0,1095,H,5,0.66,5
207,M,Laguna,1825,21250.0,2340.0,2,1,427.0,2068.0,446.0,13734.0,0,U,1,0.56,2
208,M,Mindoro Occidental,5110,14133.0,1446.0,2,1,1662.0,37.0,2154.0,41188.0,365,N,3,0.68,6
209,M,Zambales,4745,51281.0,464.0,1,0,2048.0,1256.0,123.0,4660.0,730,N,2,0.64,4
210,M,Sorsogon,13140,32625.0,1333.0,1,0,2732.0,2544.0,463.0,1244.0,1095,N,1,0.67,5
211,D,Davao Del Sur,20805,44719.0,762.0,2,0,667.0,2484.0,1425.0,23422.0,2190,L,3,0.82,9
212,M,Antique,6205,22922.0,328.0,3,0,341.0,2176.0,2234.0,4805.0,730,N,3,0.63,4
213,M,Romblon,10585,62906.0,978.0,2,1,254.0,1212.0,373.0,37875.0,2555,N,2,0.81,9
214,S,Bukidnon,6205,2275.0,520.0,2,1,217.0,2974.0,7.0,6816.0,2190,U,1,0.55,1
215,M,Manila,4745,4309.0,1476.0,2,1,3544.0,1277.0,2932.0,24391.0,6205,L,1,0.61,3
216,U,Surigao del Sur,19710,31859.0,192.0,1,1,618.0,670.0,1318.0,5980.0,2555,L,5,0.74,8
217,M,Kalinga-Apayao,22265,1317.0,1914.0,0,2,1540.0,565.0,657.0,15625.0,1825,N,6,0.69,6
218,M,Biliran,13505,24719.0,173.0,4,2,1611.0,216.0,2924.0,21828.0,0,L,4,0.77,8
219,S,Quezon Province,5840,18594.0,1171.0,2,1,1027.0,1614.0,1644.0,17312.0,1095,N,4,0.66,5
220,S,Davao Oriental,3650,2486.0,1661.0,2,0,989.0,2272.0,482.0,98250.0,2555,L,2,0.62,3
221,M,Camarines Norte,2555,38469.0,530.0,0,1,492.0,868.0,1240.0,13328.0,27740,U,4,0.62,3
222,S,Aklan,25185,7773.0,299.0,2,1,1006.0,266.0,1579.0,6836.0,1825,L,7,0.72,7
223,M,Guimaras,4380,5695.0,569.0,2,2,650.0,1040.0,346.0,32438.0,1460,U,4,0.62,4
224,U,Isabela,14600,16734.0,342.0,2,0,1891.0,1045.0,604.0,73438.0,1825,L,3,0.79,9
225,S,Camarines Norte,7300,2533.0,2838.0,2,0,1483.0,1127.0,2580.0,34969.0,365,L,-1,0.63,4
226,M,Davao Oriental,21535,71938.0,347.0,2,0,630.0,1827.0,206.0,8398.0,730,N,2,0.82,9
227,M,Metropolitan Manila,5110,20766.0,442.0,1,0,1377.0,1616.0,253.0,56781.0,0,U,2,0.71,7
228,D,Nueva Ecija,4015,26109.0,139.0,1,2,290.0,759.0,366.0,15508.0,730,L,4,0.63,4
229,M,Camiguin,2920,57531.0,1639.0,3,2,198.0,843.0,829.0,7555.0,9125,N,2,0.62,4
230,S,Guimaras,25185,2611.0,45.0,3,0,713.0,429.0,716.0,118062.0,730,N,6,0.8,9
231,S,Capiz,1825,2643.0,358.0,1,0,98.0,97.0,1231.0,54688.0,11315,N,3,0.53,1
232,U,Davao del Norte,10950,1483.0,66.0,2,0,617.0,90.0,3012.0,29172.0,5840,L,4,0.63,4
233,O,Quezon Province,21535,20047.0,407.0,2,0,458.0,1522.0,47.0,34594.0,365,U,2,0.8,9
234,M,Masbate,9855,24672.0,602.0,0,2,884.0,779.0,1142.0,11438.0,0,N,3,0.71,7
235,D,Guimaras,13870,8609.0,2528.0,2,0,34.0,57.0,821.0,12141.0,365,L,3,0.68,6
236,U,Guimaras,3650,97000.0,676.0,3,1,984.0,817.0,3376.0,5102.0,365,U,4,0.63,4
237,S,Camarines Norte,8030,804.0,152.0,2,1,244.0,2574.0,870.0,16938.0,730,L,2,0.58,2
238,S,Bataan,4015,12320.0,75.0,0,0,560.0,249.0,662.0,39000.0,1095,U,1,0.65,4
239,M,Mindoro Occidental,-26481,3857.0,648.0,3,3,1278.0,4120.0,18.0,37906.0,0,L,-1,0.78,8
240,D,Guimaras,4380,20797.0,4344.0,2,0,1777.0,442.0,527.0,25219.0,1095,N,4,0.65,5
241,S,South Cotabato,1460,3926.0,1204.0,1,0,281.0,462.0,46.0,4133.0,365,N,4,0.42,0
242,M,Biliran,2920,88875.0,21.0,3,1,954.0,101.0,1450.0,5102.0,365,N,2,0.63,4
243,M,Siquijor,4015,70062.0,709.0,1,1,412.0,1355.0,3290.0,68500.0,4015,U,2,0.75,8
244,S,Manila,15695,15570.0,211.0,2,0,2416.0,397.0,140.0,14125.0,1825,N,2,0.73,7
245,S,South Cotabato,11680,7617.0,178.0,1,0,700.0,16.0,562.0,2641.0,3285,L,3,0.61,3
246,O,North Cotabato,1460,4648.0,404.0,1,0,818.0,240.0,764.0,38656.0,2190,N,4,0.5,1
247,M,Antique,3285,99000.0,1828.0,2,1,660.0,376.0,113.0,29391.0,0,L,2,0.71,7
248,S,Bohol,5840,17672.0,1310.0,0,2,575.0,146.0,262.0,801.0,2190,N,7,0.55,2
249,S,Camiguin,-27375,32250.0,554.0,3,0,142.0,109.0,145.0,1834.0,1460,H,5,0.74,8
250,U,Masbate,7665,24625.0,188.0,1,0,81.0,659.0,1623.0,25891.0,1095,L,4,0.7,6
251,M,Sulu,5475,35000.0,656.0,2,0,2346.0,1288.0,1061.0,79938.0,2920,N,3,0.76,8
252,D,Aklan,12045,10828.0,654.0,1,0,1648.0,28.0,1234.0,5641.0,8395,N,1,0.65,5
253,U,Mindoro Occidental,1825,29078.0,32.0,2,0,1187.0,127.0,2176.0,5473.0,2555,L,2,0.51,1
254,D,Quezon Province,2190,5371.0,4370.0,3,1,382.0,682.0,1348.0,5051.0,365,N,2,0.46,0
255,D,Tawi-Tawi,16425,40781.0,538.0,2,0,1983.0,221.0,1353.0,580.0,1825,N,2,0.67,5
256,M,Zamboanga Del Sur,-27941,32500.0,754.0,2,2,458.0,676.0,3054.0,56125.0,6570,H,4,0.89,9
257,D,Metropolitan Manila,24820,8703.0,3332.0,1,1,391.0,635.0,381.0,9734.0,0,N,2,0.73,7
258,S,Rizal Province,-23926,22344.0,1585.0,0,1,111.0,690.0,83.0,14883.0,4015,N,2,0.79,9
259,M,Lanao Del Norte,2190,10078.0,33.0,1,0,197.0,579.0,5410.0,2406.0,730,N,2,0.48,0
260,D,Manila,24455,64812.0,1066.0,2,1,530.0,736.0,2746.0,43062.0,2190,U,2,0.88,9
261,M,Surigao del Norte,6205,1191.0,722.0,0,1,1073.0,1880.0,1667.0,7520.0,365,L,2,0.54,1
262,U,Romblon,4015,10445.0,23.0,3,1,409.0,2728.0,148.0,21438.0,365,N,2,0.6,3
263,S,Davao Del Sur,8030,37344.0,55.0,2,1,2019.0,1719.0,1205.0,32781.0,730,U,5,0.75,8
264,S,Zambales,-23561,8242.0,185.0,3,2,312.0,840.0,322.0,5117.0,730,N,2,0.7,7
265,S,Camarines Norte,2555,51531.0,226.0,0,0,12.0,1064.0,1059.0,9039.0,365,N,2,0.6,3
266,M,Northern Samar,1460,16562.0,204.0,0,0,423.0,864.0,24.0,11430.0,1825,L,1,0.52,1
267,M,Zamboanga Del Norte,4380,4293.0,548.0,1,0,102.0,89.0,142.0,42562.0,730,N,-1,0.62,4
268,U,Mindoro Occidental,20075,6668.0,245.0,1,1,1175.0,1081.0,116.0,27750.0,0,N,2,0.74,8
269,U,Sorsogon,4380,8438.0,547.0,0,0,306.0,215.0,1237.0,9414.0,730,N,4,0.56,2
270,M,Bulacan,14600,482.0,310.0,1,0,23.0,1502.0,964.0,870.0,365,N,2,0.53,1
271,S,Manila,4380,25266.0,1320.0,0,2,340.0,40.0,1453.0,11070.0,0,N,-1,0.63,4
272,M,Maguindanao,2920,10297.0,640.0,1,0,1035.0,644.0,892.0,57875.0,1460,L,6,0.63,4
273,S,Siquijor,1825,13914.0,2294.0,1,0,884.0,154.0,853.0,4535.0,1095,U,-1,0.49,0
274,U,Abra,22995,67875.0,2025.0,1,1,11.0,90.0,651.0,1055.0,2190,U,4,0.73,7
275,M,Bohol,-31591,4527.0,1075.0,1,1,73.0,1364.0,170.0,16531.0,730,N,7,0.76,8
276,S,Sulu,13140,16547.0,60.0,2,0,214.0,210.0,3344.0,17344.0,730,L,4,0.73,7
277,M,Quezon Province,19710,5328.0,223.0,1,0,3014.0,774.0,223.0,20781.0,2555,U,4,0.74,7
278,U,Davao Oriental,2190,53531.0,561.0,2,0,436.0,1430.0,34.0,29312.0,365,U,-1,0.63,4
279,S,Davao Oriental,5475,20844.0,279.0,2,0,35.0,1094.0,982.0,10516.0,3650,L,4,0.64,4
280,M,Metropolitan Manila,16425,80062.0,1302.0,2,2,398.0,2250.0,1130.0,1486.0,1095,N,6,0.74,8
281,M,Camarines Norte,11680,18156.0,2216.0,1,0,171.0,1159.0,1883.0,3777.0,1460,H,2,0.67,5
282,S,Maguindanao,2920,6164.0,24.0,1,0,1306.0,1123.0,1308.0,11766.0,3650,N,2,0.54,1
283,M,Nueva Ecija,6935,1609.0,1905.0,0,1,1429.0,329.0,3772.0,55875.0,365,N,2,0.64,4
284,U,Cebu,3285,27062.0,101.0,3,2,472.0,1130.0,2030.0,1445.0,2920,U,2,0.52,1
285,S,Manila,17155,50938.0,228.0,2,0,1995.0,661.0,362.0,14922.0,1095,U,7,0.8,9
286,D,Sarangani,6205,55656.0,794.0,3,0,1706.0,1548.0,36.0,37656.0,365,N,5,0.74,8
287,U,Batangas,-13870,23344.0,893.0,1,0,384.0,36.0,571.0,13148.0,3650,U,1,0.72,7
288,U,Bataan,23360,21266.0,125.0,1,0,108.0,984.0,496.0,1483.0,9490,H,4,0.69,6
289,D,Surigao del Norte,16425,73312.0,1559.0,3,0,352.0,738.0,2708.0,40156.0,365,H,-1,0.84,9
290,M,Quezon Province,730,179.0,292.0,0,0,382.0,2842.0,244.0,19234.0,1460,U,1,0.36,0
291,M,Nueva Ecija,21535,25234.0,1706.0,2,1,366.0,910.0,475.0,11680.0,1825,L,2,0.78,9
292,S,Catanduanes,20805,8719.0,768.0,1,2,551.0,4210.0,1065.0,35156.0,1095,L,6,0.78,8
293,M,Cagayan,-25751,9797.0,1972.0,3,2,1048.0,1338.0,1475.0,4777.0,1825,N,4,0.72,7
294,U,Zamboanga Del Sur,13870,14992.0,126.0,2,2,1667.0,1116.0,219.0,3486.0,1095,U,3,0.65,5
295,D,Zamboanga Del Norte,7300,66750.0,342.0,2,2,764.0,1537.0,2124.0,50188.0,1460,N,7,0.78,8
296,M,Bulacan,23360,3859.0,257.0,2,1,665.0,638.0,241.0,4289.0,730,L,3,0.68,6
297,U,Camarines Norte,-20075,2854.0,2678.0,1,1,960.0,885.0,924.0,5020.0,1095,U,3,0.63,4
298,M,Cebu,7665,49406.0,1357.0,2,0,121.0,167.0,168.0,15102.0,365,U,1,0.73,7
299,D,Guimaras,8395,17594.0,874.0,2,1,2752.0,168.0,1379.0,39219.0,1825,N,5,0.72,7
300,S,Davao Oriental,4745,31547.0,612.0,3,0,92.0,2280.0,601.0,10922.0,365,N,4,0.65,5
301,S,Batangas,2920,18078.0,989.0,2,0,694.0,127.0,566.0,17328.0,2555,H,-1,0.6,3
302,M,Agusan Del Sur,9125,33000.0,694.0,2,0,1725.0,965.0,302.0,42625.0,730,L,4,0.77,8
303,M,Sarangani,6205,7832.0,3306.0,1,1,868.0,146.0,720.0,2041.0,1095,N,6,0.56,2
304,D,Kalinga-Apayao,22101,2783.0,68.0,2,1,1741.0,1781.0,636.0,6344.0,730,U,2,0.66,5
305,O,Ifugao,1095,14133.0,61.0,2,1,55.0,1775.0,103.0,1085.0,6570,N,5,0.39,0
306,M,Bataan,7665,1415.0,2154.0,1,0,1075.0,3594.0,556.0,5617.0,730,L,1,0.55,2
307,D,Camarines Norte,2190,13094.0,2318.0,0,0,867.0,1470.0,604.0,41656.0,1460,U,3,0.59,3
308,U,Manila,2555,3779.0,381.0,1,0,689.0,1143.0,212.0,8336.0,1460,U,1,0.48,0
309,M,Sarangani,4745,11859.0,1109.0,1,0,518.0,1892.0,396.0,4242.0,2190,U,4,0.57,2
310,M,Manila,4380,37125.0,906.0,2,0,676.0,826.0,3196.0,72625.0,2555,N,6,0.74,8
311,S,Southern Leyte,9490,41312.0,63.0,0,0,103.0,1650.0,1362.0,14516.0,365,N,4,0.73,7
312,M,Ilocos Sur,16060,14031.0,1330.0,1,2,1205.0,1884.0,8.0,150.0,2920,N,4,0.62,4
313,S,Sarangani,10585,9602.0,71.0,1,1,1022.0,448.0,936.0,11625.0,730,U,7,0.67,5
314,M,Zamboanga Del Sur,32321,1051.0,140.0,1,0,848.0,536.0,1825.0,5258.0,14235,L,2,0.67,5
315,S,Lanao Del Norte,18980,6316.0,738.0,1,0,306.0,77.0,1139.0,6086.0,5840,L,6,0.68,6
316,U,Ilocos Sur,25550,21641.0,1015.0,0,2,2578.0,418.0,358.0,14586.0,2555,L,1,0.78,9
317,M,Davao Oriental,9125,104000.0,2072.0,1,2,525.0,3338.0,1423.0,26016.0,0,L,1,0.8,9
318,D,Capiz,365,7438.0,227.0,1,1,2366.0,1844.0,30.0,22266.0,1460,U,4,0.38,0
319,S,Mindoro Oriental,6205,1128.0,170.0,1,0,535.0,588.0,4504.0,3555.0,1095,N,4,0.5,1
320,M,Catanduanes,5840,22031.0,1311.0,0,2,1420.0,1237.0,657.0,13469.0,0,U,6,0.67,5
321,M,Lanao Del Norte,4380,13312.0,465.0,2,0,1442.0,1022.0,398.0,905.0,730,U,5,0.53,1
322,M,Masbate,13505,14641.0,583.0,2,0,157.0,436.0,648.0,8367.0,365,U,2,0.7,7
323,M,Bataan,9855,28344.0,2630.0,1,1,165.0,759.0,692.0,34969.0,9490,N,-1,0.76,8
324,D,Pangasinan,6935,32406.0,30.0,0,0,724.0,1.0,1457.0,48594.0,3285,U,4,0.74,8
325,M,Catanduanes,2190,8586.0,594.0,3,0,50.0,1352.0,594.0,32938.0,1825,U,1,0.58,2
326,S,Lanao Del Norte,6205,9148.0,257.0,2,2,861.0,558.0,526.0,58062.0,2190,N,4,0.69,6
327,M,Mindoro Oriental,-25021,9484.0,655.0,3,0,1188.0,45.0,119.0,2258.0,1460,L,1,0.69,6
328,O,Surigao del Sur,6570,7422.0,15.0,3,1,359.0,2684.0,523.0,10945.0,730,N,3,0.6,3
329,S,Ilocos Sur,13505,28422.0,1048.0,2,0,41.0,712.0,209.0,69875.0,730,U,6,0.82,9
330,M,Zamboanga Del Norte,13505,29297.0,1274.0,2,0,1239.0,93.0,533.0,700.0,730,U,6,0.66,5
331,D,Ilocos Norte,10220,100250.0,6570.0,0,0,363.0,1010.0,60.0,5000.0,730,N,1,0.73,7
332,M,Davao del Norte,2190,2582.0,328.0,0,0,120.0,2118.0,277.0,17359.0,2920,L,2,0.5,1
333,D,Lanao Del Norte,5840,8484.0,12.0,2,1,690.0,1733.0,2536.0,94000.0,365,N,2,0.69,6
334,M,Aurora,3650,2875.0,624.0,4,0,665.0,756.0,53.0,10438.0,730,L,-1,0.53,1
335,S,Mindoro Occidental,2920,1249.0,3882.0,1,0,263.0,160.0,223.0,15289.0,1095,N,6,0.5,0
336,M,Antique,7300,35406.0,911.0,3,0,1166.0,99.0,474.0,4379.0,730,L,7,0.66,5
337,U,Sarangani,11315,68062.0,2832.0,3,1,435.0,1210.0,1391.0,16688.0,6935,N,6,0.76,8
338,D,Laguna,20440,7426.0,415.0,2,0,943.0,164.0,1772.0,2805.0,1460,N,3,0.66,5
339,U,Agusan Del Norte,23561,41625.0,1007.0,0,0,172.0,170.0,635.0,11797.0,9125,N,4,0.79,9
340,S,Sarangani,15330,9617.0,131.0,1,2,662.0,97.0,456.0,27281.0,1095,L,7,0.74,8
341,M,Eastern Samar,23360,32250.0,256.0,2,1,1498.0,345.0,510.0,11148.0,1095,L,-1,0.8,9
342,M,Biliran,5840,2037.0,698.0,2,0,616.0,866.0,2304.0,60031.0,1095,N,1,0.64,4
343,D,Aklan,4015,3160.0,985.0,0,2,173.0,1559.0,1891.0,28625.0,1825,L,7,0.57,2
344,M,Cebu,23725,7680.0,1035.0,2,2,901.0,668.0,860.0,2805.0,13505,N,2,0.69,6
345,O,Surigao del Norte,9855,3434.0,1947.0,2,0,3082.0,662.0,1096.0,19578.0,4015,U,5,0.63,4
346,M,Sarangani,24090,35219.0,1497.0,3,1,1714.0,3466.0,1861.0,12266.0,730,N,4,0.81,9
347,S,Sarangani,14600,753.0,225.0,3,0,1148.0,76.0,1141.0,73938.0,5475,U,4,0.7,6
348,M,Cebu,10220,27703.0,491.0,2,0,2160.0,72.0,1014.0,44000.0,7665,L,4,0.78,8
349,S,Nueva Vizcaya,10950,26016.0,686.0,0,0,1719.0,98.0,1141.0,3852.0,365,N,4,0.67,5
350,S,Bukidnon,9125,1619.0,109.0,0,0,294.0,158.0,750.0,2125.0,1095,N,6,0.53,1
351,D,Batangas,5840,95750.0,1112.0,1,2,435.0,207.0,417.0,18406.0,0,U,-1,0.73,7
352,D,Negros Occidental,8030,11695.0,17.0,0,0,1612.0,708.0,633.0,1820.0,0,U,7,0.58,2
353,U,Kalinga-Apayao,5475,47156.0,930.0,0,0,457.0,698.0,2384.0,31203.0,2555,U,-1,0.71,7
354,S,Camiguin,-29766,6238.0,836.0,2,0,662.0,300.0,494.0,40062.0,4015,H,2,0.8,9
355,U,Zamboanga Del Norte,11315,898.0,1845.0,1,0,560.0,781.0,1816.0,82812.0,1825,N,-1,0.67,5
356,S,Lanao Del Norte,6570,28625.0,215.0,1,0,182.0,1630.0,1161.0,43531.0,730,N,6,0.73,7
357,U,Quezon Province,2920,2746.0,133.0,2,1,396.0,892.0,1986.0,10641.0,0,N,5,0.49,0
358,M,Camarines Norte,18980,14922.0,2060.0,1,0,380.0,117.0,970.0,5773.0,2555,H,6,0.72,7
359,S,Cagayan,28105,3480.0,3268.0,0,0,1410.0,760.0,2564.0,17969.0,1460,L,2,0.74,8
360,M,Guimaras,7665,6320.0,1391.0,4,1,2850.0,381.0,1159.0,4562.0,730,N,4,0.59,3
361,M,Bataan,9855,52969.0,443.0,4,0,388.0,165.0,2596.0,41688.0,4015,L,2,0.8,9
362,M,Bulacan,13140,3438.0,147.0,2,0,167.0,504.0,159.0,71312.0,4380,L,2,0.74,8
363,D,Sarangani,16425,24812.0,1191.0,1,1,457.0,1556.0,255.0,22828.0,5110,L,3,0.77,8
364,D,Camarines Norte,4745,14703.0,5290.0,0,2,116.0,806.0,590.0,756.0,3285,N,7,0.52,1
365,D,Manila,16060,10789.0,305.0,1,0,848.0,966.0,260.0,636.0,1825,N,6,0.61,3
366,S,Mindoro Occidental,8395,10922.0,334.0,2,1,155.0,768.0,357.0,8727.0,3650,L,3,0.64,4
367,M,Zamboanga Del Sur,6570,47406.0,1575.0,2,0,205.0,496.0,87.0,29547.0,0,L,2,0.74,8
368,S,Catanduanes,8395,13250.0,1077.0,1,1,1350.0,906.0,4.0,10227.0,2190,L,2,0.66,5
369,M,Camarines Norte,10950,3703.0,394.0,1,0,640.0,5380.0,369.0,17750.0,3285,L,1,0.66,5
370,M,Romblon,23926,15727.0,399.0,1,1,315.0,502.0,976.0,3088.0,1095,L,-1,0.72,7
371,M,Manila,24090,2531.0,578.0,0,1,1529.0,2828.0,1290.0,5188.0,1460,U,6,0.67,5
372,M,Basilan,4380,10547.0,391.0,1,1,943.0,392.0,619.0,4484.0,730,N,4,0.56,2
373,M,Sarangani,9125,10227.0,34.0,3,0,606.0,978.0,1321.0,28828.0,0,H,4,0.71,7
374,S,Bulacan,9125,39656.0,2560.0,1,1,946.0,1361.0,2290.0,20672.0,365,L,2,0.74,8
375,D,Negros Occidental,5475,3479.0,186.0,2,0,3024.0,113.0,155.0,24938.0,365,L,3,0.6,3
376,M,South Cotabato,17155,9531.0,2772.0,1,0,870.0,940.0,1002.0,3977.0,1095,L,-1,0.68,6
377,D,Davao Oriental,5475,22781.0,1459.0,1,0,946.0,308.0,27.0,10914.0,1460,N,1,0.64,4
378,S,Sulu,17520,35281.0,456.0,1,0,151.0,572.0,1359.0,95875.0,365,N,4,0.86,9
379,S,Basilan,6205,2787.0,443.0,0,0,149.0,1298.0,704.0,94000.0,730,L,6,0.67,5
380,M,Biliran,4015,21625.0,1642.0,1,1,4836.0,911.0,187.0,10078.0,365,N,1,0.62,4
381,M,Agusan Del Sur,2555,1558.0,856.0,3,0,715.0,525.0,2740.0,22500.0,365,L,2,0.51,1
382,D,Quezon Province,1460,3645.0,104.0,2,0,3744.0,190.0,736.0,38156.0,4015,U,7,0.5,1
383,M,Albay,6935,8789.0,1966.0,2,1,443.0,418.0,962.0,2090.0,1460,U,4,0.57,2
384,O,Bukidnon,13870,13844.0,1205.0,2,0,431.0,464.0,638.0,2021.0,1095,N,5,0.63,4
385,M,Lanao Del Norte,13505,25266.0,1260.0,3,0,127.0,147.0,381.0,40188.0,1460,N,-1,0.8,9
386,U,Davao Oriental,1460,31172.0,33.0,2,1,95.0,1712.0,3422.0,17219.0,730,N,1,0.54,1
387,S,Manila,3650,38406.0,750.0,1,0,382.0,1095.0,3884.0,48438.0,365,L,-1,0.7,6
388,O,Cagayan,4745,121625.0,2016.0,1,0,948.0,363.0,1372.0,5703.0,365,H,2,0.67,5
389,D,Manila,4380,33250.0,247.0,2,2,320.0,376.0,1126.0,43688.0,3650,U,4,0.69,6
390,M,Bukidnon,12775,7184.0,1777.0,3,2,349.0,382.0,704.0,2340.0,1460,N,2,0.62,4
391,M,Quezon Province,12410,5895.0,785.0,0,0,1166.0,160.0,169.0,8336.0,1095,N,3,0.66,5
392,M,Quezon Province,6935,2498.0,69.0,1,1,698.0,1028.0,1174.0,8047.0,2920,U,1,0.57,2
393,M,Agusan Del Sur,2190,1387.0,2174.0,1,0,3250.0,4364.0,1022.0,38750.0,730,L,6,0.52,1
394,D,Sarangani,3650,23219.0,1137.0,1,0,1088.0,111.0,1220.0,35.0,2920,U,1,0.49,0
395,O,Camarines Norte,-32686,26062.0,311.0,0,0,852.0,768.0,260.0,5000.0,0,N,4,0.77,8
396,O,Sarangani,4015,1609.0,62.0,2,0,108.0,984.0,224.0,1913.0,3285,N,5,0.44,0
397,M,South Cotabato,1095,1506.0,999.0,2,0,4450.0,3718.0,263.0,20891.0,2190,U,2,0.43,0
398,M,Davao del Norte,9125,5352.0,3916.0,0,1,1575.0,3026.0,188.0,3105.0,5110,N,4,0.59,3
399,M,Pampanga,9490,19156.0,1241.0,3,0,5730.0,1061.0,290.0,3672.0,1825,U,5,0.65,5
400,U,Bulacan,3285,17297.0,997.0,2,0,395.0,726.0,228.0,81562.0,1825,L,4,0.66,5
401,S,Sorsogon,8760,28938.0,734.0,0,0,580.0,871.0,550.0,49875.0,2555,H,2,0.76,8
402,M,Sarangani,24455,1162.0,444.0,1,0,2654.0,710.0,1422.0,8453.0,5840,L,7,0.67,5
403,D,Mindoro Occidental,31755,8078.0,294.0,1,0,856.0,914.0,188.0,10203.0,3650,L,1,0.75,8
404,D,Bohol,4380,991.0,1020.0,0,0,980.0,1466.0,1093.0,6797.0,365,U,4,0.48,0
405,D,Davao del Norte,17520,4707.0,1830.0,2,1,74.0,117.0,222.0,24188.0,1460,U,2,0.71,7
406,M,Antique,6935,50094.0,1083.0,2,2,939.0,666.0,350.0,14695.0,2190,L,4,0.72,7
407,U,Quezon Province,27375,13305.0,883.0,1,0,410.0,440.0,1980.0,27047.0,2920,U,2,0.79,9
408,D,Quezon Province,12410,11297.0,821.0,2,1,96.0,1126.0,487.0,1835.0,2920,N,4,0.61,3
409,W,Nueva Ecija,-27941,5965.0,2104.0,3,2,674.0,743.0,648.0,13961.0,5110,U,3,0.75,8
410,M,Ilocos Sur,5840,5688.0,1551.0,2,2,2056.0,598.0,407.0,26969.0,1825,H,-1,0.64,4
411,S,La Union,2190,19453.0,85.0,1,1,113.0,1098.0,886.0,8992.0,1095,N,6,0.55,1
412,U,Lanao Del Norte,6935,837.0,354.0,2,1,291.0,316.0,1703.0,60656.0,365,L,4,0.61,3
413,U,Nueva Ecija,9125,20359.0,608.0,3,2,1898.0,152.0,715.0,8922.0,365,H,6,0.66,5
414,U,Guimaras,-31591,3209.0,576.0,2,1,1026.0,850.0,81.0,19016.0,365,U,1,0.73,7
415,D,Guimaras,4015,32531.0,7.0,2,0,993.0,403.0,1365.0,7113.0,4015,N,2,0.61,3
416,S,Southern Leyte,3285,43562.0,2044.0,2,1,630.0,209.0,201.0,66.0,1095,L,2,0.52,1
417,M,Abra,8395,3234.0,280.0,1,2,1433.0,199.0,154.0,29250.0,2190,N,2,0.66,5
418,M,Pangasinan,3650,33781.0,381.0,3,0,796.0,664.0,198.0,4238.0,3650,N,2,0.6,3
419,M,Maguindanao,3285,9375.0,514.0,1,0,70.0,105.0,1881.0,11273.0,1095,N,6,0.57,2
420,D,Maguindanao,7665,29641.0,543.0,2,0,150.0,72.0,410.0,7488.0,1825,N,2,0.66,5
421,O,Masbate,1460,47188.0,1762.0,1,0,40.0,462.0,776.0,15117.0,1460,N,1,0.56,2
422,D,Bulacan,20075,4059.0,476.0,1,0,2440.0,1318.0,2556.0,97.0,14600,U,3,0.57,2
423,U,La Union,7300,1821.0,456.0,2,2,1474.0,136.0,988.0,53250.0,8760,N,1,0.63,4
424,D,Camarines Norte,31755,9039.0,1664.0,2,1,191.0,2102.0,816.0,817.0,16790,L,5,0.67,5
425,U,Sorsogon,31390,48312.0,40.0,0,1,794.0,736.0,1326.0,11672.0,365,U,2,0.82,9
426,U,Sarangani,10950,77562.0,412.0,0,1,1714.0,1216.0,530.0,13141.0,1825,L,7,0.76,8
427,M,Masbate,4745,8797.0,11200.0,0,0,27.0,42.0,716.0,2650.0,0,U,2,0.55,1
428,U,Nueva Ecija,12045,26547.0,668.0,2,2,3896.0,161.0,311.0,5211.0,365,L,1,0.68,6
429,D,Biliran,12045,52250.0,2278.0,0,0,9.0,2976.0,406.0,8078.0,730,H,3,0.73,7
430,S,Masbate,2920,9172.0,182.0,2,0,447.0,1059.0,2310.0,28547.0,730,L,6,0.59,3
431,M,Mindoro Occidental,21535,38375.0,3724.0,2,0,158.0,1291.0,2376.0,19734.0,1095,N,1,0.82,9
432,U,Manila,2920,11367.0,294.0,2,1,392.0,287.0,216.0,61406.0,0,N,2,0.62,4
433,D,Negros Occidental,3285,45594.0,454.0,2,0,2086.0,1350.0,91.0,26047.0,730,L,1,0.66,5
434,M,Davao Oriental,25915,3928.0,628.0,2,2,672.0,136.0,815.0,13438.0,365,H,3,0.73,7
435,S,Leyte,8395,55094.0,111.0,2,1,146.0,690.0,1026.0,51531.0,365,U,6,0.79,9
436,M,Quezon Province,2190,6289.0,998.0,1,0,2180.0,2946.0,356.0,7477.0,0,U,4,0.5,1
437,M,Antique,13870,2891.0,593.0,3,0,1435.0,29.0,322.0,23094.0,1095,U,4,0.69,6
438,U,Zamboanga Del Sur,6935,45188.0,1106.0,0,0,1612.0,347.0,2430.0,1535.0,1460,U,2,0.61,3
439,M,Bulacan,8395,18594.0,932.0,3,2,266.0,296.0,32.0,13875.0,2555,N,1,0.69,6
440,M,Maguindanao,3285,8867.0,1452.0,2,0,230.0,336.0,82.0,40750.0,4015,L,1,0.62,4
441,M,Catanduanes,17885,26234.0,924.0,1,0,134.0,1304.0,4756.0,7996.0,730,N,6,0.75,8
442,M,Bulacan,17885,25828.0,44.0,2,0,730.0,1298.0,1226.0,7969.0,730,U,6,0.75,8
443,M,Maguindanao,5840,50250.0,556.0,3,1,64.0,746.0,2190.0,25312.0,3650,U,4,0.73,7
444,U,Cebu,20075,33750.0,3090.0,2,0,118.0,620.0,256.0,12594.0,365,U,1,0.77,8
445,M,Pangasinan,1825,10844.0,172.0,2,0,358.0,467.0,2460.0,16391.0,365,L,2,0.54,1
446,D,Lanao Del Norte,3285,16906.0,229.0,3,0,71.0,658.0,32.0,3109.0,1095,L,1,0.53,1
447,M,Zamboanga Del Sur,12775,1146.0,821.0,0,0,686.0,1895.0,282.0,8914.0,10950,U,4,0.61,3
448,U,Sarangani,2555,13109.0,986.0,0,0,300.0,431.0,209.0,19156.0,4380,U,1,0.56,2
449,U,Catanduanes,13505,8336.0,71.0,1,0,391.0,2254.0,815.0,35812.0,2190,N,2,0.72,7
450,S,Bohol,6935,578.0,992.0,2,1,181.0,239.0,1434.0,60188.0,1825,L,1,0.62,3
451,M,Quezon Province,3285,7891.0,274.0,3,0,662.0,1442.0,756.0,20422.0,1825,L,4,0.59,3
452,M,Abra,5475,58406.0,717.0,2,2,822.0,1895.0,4140.0,60844.0,365,L,4,0.77,8
453,M,Davao del Norte,22630,18547.0,1098.0,1,2,178.0,249.0,442.0,8805.0,0,N,7,0.76,8
454,M,Masbate,20440,25922.0,1375.0,1,0,303.0,328.0,71.0,22844.0,1825,L,4,0.81,9
455,S,Tawi-Tawi,19710,17953.0,840.0,2,0,996.0,3404.0,3844.0,6449.0,2190,H,2,0.73,7
456,M,Lanao Del Norte,4380,3494.0,538.0,1,0,421.0,94.0,750.0,3996.0,1095,U,3,0.52,1
457,S,Ifugao,29200,2211.0,754.0,0,0,482.0,350.0,1634.0,36188.0,1825,N,3,0.76,8
458,M,Manila,5840,6887.0,213.0,0,0,1102.0,794.0,350.0,60656.0,2555,N,6,0.68,6
459,D,Sarangani,5475,12266.0,449.0,2,0,1453.0,328.0,2768.0,19906.0,10585,L,2,0.63,4
460,M,Quezon Province,5475,5148.0,199.0,3,1,155.0,98.0,999.0,12031.0,365,N,7,0.6,3
461,S,Zamboanga Del Sur,5840,68000.0,1128.0,2,0,1945.0,1031.0,64.0,10414.0,0,U,-1,0.7,6
462,S,Nueva Ecija,2920,15109.0,57.0,2,0,3462.0,333.0,76.0,23484.0,1460,L,5,0.6,3
463,D,Antique,8760,102625.0,2250.0,1,0,1559.0,67.0,2220.0,14555.0,365,H,7,0.76,8
464,S,Kalinga-Apayao,8760,5727.0,557.0,2,1,1977.0,787.0,193.0,2652.0,365,N,7,0.58,2
465,U,Bataan,3650,13578.0,219.0,2,0,884.0,648.0,767.0,15953.0,365,U,6,0.59,3
466,M,Aklan,730,3932.0,1994.0,1,1,811.0,1403.0,1188.0,7715.0,2920,L,4,0.39,0
467,M,Antique,1095,31016.0,979.0,0,2,416.0,35.0,589.0,27766.0,1825,N,-1,0.56,2
468,S,Misamis Oriental,4015,30016.0,146.0,1,0,1780.0,960.0,158.0,3691.0,730,N,3,0.59,3
469,M,Sulu,3285,2957.0,298.0,0,0,306.0,776.0,378.0,11414.0,4745,L,4,0.53,1
470,D,Abra,6205,3121.0,366.0,2,0,816.0,1172.0,580.0,2535.0,730,N,2,0.51,1
471,M,Camiguin,5840,10602.0,421.0,3,0,92.0,2498.0,1947.0,751.0,730,H,4,0.54,1
472,M,Guimaras,1460,25781.0,286.0,1,1,448.0,291.0,613.0,12797.0,0,U,4,0.55,1
473,M,Bulacan,1460,66562.0,920.0,1,0,1246.0,832.0,2802.0,11297.0,365,L,2,0.58,2
474,D,Manila,22466,59594.0,2946.0,1,0,2260.0,1395.0,5520.0,32031.0,0,H,-1,0.85,9
475,D,Batanes,20276,24281.0,1969.0,1,1,551.0,2542.0,1658.0,882.0,1095,U,-1,0.67,5
476,M,Cebu,3650,462.0,838.0,2,0,1189.0,1477.0,652.0,37312.0,0,N,4,0.54,1
477,U,Nueva Vizcaya,9125,10180.0,978.0,2,2,240.0,58.0,270.0,361.0,3650,U,2,0.54,1
478,M,Bulacan,1095,1979.0,134.0,0,0,531.0,1152.0,1553.0,19078.0,730,N,3,0.44,0
479,M,Guimaras,6570,20828.0,2676.0,2,1,842.0,1823.0,1.0,18906.0,1825,L,4,0.69,6
480,M,Catanduanes,21371,15172.0,1072.0,2,1,128.0,2512.0,19.0,23359.0,0,H,1,0.79,9
481,M,Misamis Oriental,3285,14281.0,295.0,3,0,685.0,93.0,237.0,17297.0,4745,U,-1,0.61,3
482,M,La Union,1095,5863.0,542.0,2,0,254.0,948.0,811.0,32406.0,730,L,7,0.5,1
483,M,Abra,365,6832.0,1695.0,3,1,2984.0,200.0,1547.0,6008.0,365,N,7,0.34,0
484,S,Davao del Norte,1460,55094.0,776.0,2,1,1409.0,2920.0,202.0,9797.0,2555,L,4,0.56,2
485,M,Bohol,5475,59000.0,856.0,2,2,590.0,3032.0,345.0,72938.0,1095,N,4,0.78,8
486,D,Bukidnon,730,37406.0,1259.0,1,1,440.0,2150.0,1335.0,6215.0,730,N,-1,0.46,0
487,M,Batangas,4015,22438.0,2610.0,1,0,2.0,2784.0,524.0,2484.0,730,N,7,0.57,2
488,M,Camiguin,14965,1198.0,1197.0,2,1,1492.0,557.0,2324.0,928.0,3650,L,2,0.55,2
489,S,Kalinga-Apayao,6205,11445.0,2544.0,3,0,2376.0,48.0,70.0,1650.0,3285,L,4,0.56,2
490,M,Guimaras,4380,12164.0,1997.0,2,0,1020.0,777.0,1570.0,9867.0,2190,U,6,0.6,3
491,D,Mindoro Occidental,4380,4145.0,756.0,2,0,438.0,847.0,1191.0,1033.0,2920,L,2,0.47,0
492,M,Ilocos Sur,8760,67250.0,1606.0,1,1,2968.0,744.0,4244.0,1740.0,730,U,4,0.68,6
493,D,Batangas,5110,25172.0,1836.0,4,0,119.0,7550.0,840.0,25250.0,365,L,1,0.67,5
494,M,Guimaras,1825,1343.0,204.0,2,1,1121.0,1802.0,52.0,8211.0,4380,L,2,0.44,0
495,M,Masbate,4745,6453.0,2178.0,2,1,233.0,264.0,2430.0,61438.0,730,U,4,0.66,5
496,U,Quezon Province,1095,692.0,18.0,1,0,210.0,2260.0,2044.0,8289.0,730,U,2,0.36,0
497,U,Catanduanes,30496,67438.0,1895.0,1,0,1320.0,63.0,1877.0,2158.0,2555,N,5,0.77,8
498,M,Catanduanes,1825,36281.0,54.0,2,0,780.0,1366.0,186.0,56281.0,730,H,1,0.65,4
499,D,Capiz,4015,12789.0,656.0,3,2,378.0,215.0,312.0,7012.0,5840,U,2,0.56,2
500,S,Maguindanao,365,23734.0,2868.0,4,0,87.0,222.0,639.0,3801.0,730,N,-1,0.37,0
501,M,Sarangani,25915,23078.0,185.0,2,0,266.0,91.0,3154.0,9938.0,5475,U,2,0.79,9
502,D,Quezon Province,6205,75688.0,1593.0,1,0,26.0,2190.0,330.0,48531.0,1095,L,2,0.76,8
503,D,Sorsogon,14965,3109.0,997.0,3,3,737.0,811.0,1432.0,45812.0,5840,L,-1,0.71,7
504,M,Masbate,15695,39344.0,360.0,1,0,550.0,1084.0,2210.0,58219.0,730,L,1,0.84,9
505,M,Manila,13870,78188.0,618.0,2,0,390.0,175.0,558.0,5973.0,0,L,2,0.77,8
506,D,Zamboanga Del Sur,2920,68000.0,552.0,2,0,946.0,720.0,802.0,18016.0,1460,N,6,0.65,5
507,M,Maguindanao,5110,34156.0,558.0,1,2,90.0,1397.0,281.0,15789.0,3285,U,2,0.68,6
508,D,Surigao del Norte,1460,7551.0,1377.0,1,2,898.0,166.0,812.0,28797.0,4745,U,7,0.51,1
509,O,Sarangani,11680,3762.0,107.0,4,0,1847.0,277.0,1496.0,6684.0,2555,U,4,0.61,3
510,M,Misamis Occidental,4380,16703.0,3488.0,2,0,3710.0,524.0,958.0,27859.0,0,L,2,0.66,5
511,M,Maguindanao,-18980,72000.0,96.0,1,0,584.0,1678.0,528.0,38125.0,365,U,7,0.87,9
512,U,Cagayan,8395,32656.0,1048.0,2,0,716.0,1002.0,210.0,1347.0,2190,L,2,0.61,3
513,M,Manila,2190,3326.0,654.0,0,0,477.0,2020.0,249.0,3941.0,365,L,1,0.45,0
514,D,Zamboanga Del Sur,20075,3229.0,17.0,1,1,919.0,3106.0,3350.0,25484.0,1095,L,6,0.71,7
515,M,Isabela,730,9516.0,5.0,2,0,599.0,967.0,811.0,3473.0,730,N,1,0.39,0
516,M,Mindoro Occidental,2190,1968.0,1089.0,4,0,1172.0,1039.0,101.0,11914.0,5840,H,4,0.48,0
517,S,Bohol,730,11617.0,148.0,0,1,833.0,671.0,3744.0,30344.0,1095,H,5,0.48,0
518,O,Bulacan,2920,51688.0,262.0,2,1,4216.0,990.0,629.0,23500.0,2190,U,4,0.64,4
519,S,Manila,4380,11930.0,1395.0,1,0,1200.0,1805.0,560.0,2871.0,1825,N,1,0.55,1
520,U,Metropolitan Manila,1825,13250.0,22.0,1,2,8.0,276.0,1973.0,12391.0,730,L,2,0.51,1
521,S,Antique,8395,7047.0,179.0,1,1,1370.0,616.0,78.0,18625.0,2190,N,1,0.66,5
522,S,Manila,10950,4523.0,184.0,0,1,486.0,90.0,6.0,458.0,4380,N,4,0.55,1
523,M,Catanduanes,5475,21578.0,806.0,2,1,602.0,1112.0,362.0,5676.0,2920,L,1,0.62,4
524,S,Marinduque,5110,6242.0,670.0,2,3,468.0,2190.0,2990.0,22891.0,2190,U,5,0.62,3
525,D,Davao Oriental,12410,9758.0,1839.0,0,0,672.0,2660.0,880.0,322.0,1825,N,1,0.57,2
526,D,Maguindanao,1825,5770.0,124.0,1,1,911.0,705.0,302.0,45531.0,5475,L,1,0.54,1
527,D,Davao Oriental,24090,8555.0,1348.0,0,2,100.0,950.0,956.0,7820.0,2190,N,-1,0.71,7
528,S,Cagayan,2555,8992.0,212.0,1,0,197.0,560.0,58.0,328.0,365,H,1,0.44,0
529,M,Isabela,2555,19062.0,42.0,2,0,377.0,352.0,3300.0,10555.0,2190,N,2,0.57,2
530,U,Nueva Ecija,365,6547.0,3090.0,0,0,779.0,970.0,1196.0,23672.0,4745,U,4,0.37,0
531,M,Agusan Del Sur,14235,9984.0,274.0,3,0,2.0,40.0,1555.0,3939.0,730,L,2,0.66,5
532,D,Basilan,3650,63500.0,2856.0,1,0,174.0,742.0,3008.0,58531.0,1095,H,2,0.72,7
533,U,Sarangani,1825,29812.0,1838.0,0,2,562.0,389.0,330.0,48219.0,730,L,1,0.61,3
534,M,Ilocos Sur,13505,14414.0,292.0,3,2,516.0,679.0,208.0,95500.0,2190,U,2,0.81,9
535,M,Siquijor,4015,6711.0,725.0,1,0,1162.0,352.0,284.0,7352.0,2190,N,4,0.56,2
536,M,Zamboanga Del Norte,14235,75375.0,88.0,2,1,2690.0,722.0,88.0,19328.0,365,L,2,0.82,9
537,M,Nueva Ecija,11680,23219.0,807.0,2,0,800.0,996.0,2290.0,1361.0,3285,L,1,0.65,5
538,U,Davao del Norte,2920,15633.0,604.0,1,0,286.0,616.0,1288.0,6938.0,12045,L,2,0.54,1
539,M,Davao del Norte,14235,37625.0,3550.0,1,2,11.0,1203.0,1947.0,7438.0,365,L,4,0.74,8
540,M,Biliran,1095,11875.0,189.0,2,0,286.0,103.0,956.0,44531.0,1095,L,-1,0.54,1
541,W,Kalinga-Apayao,2555,11742.0,656.0,4,0,138.0,78.0,784.0,24547.0,1095,L,3,0.59,3
542,D,Davao del Norte,6570,16406.0,1219.0,2,0,14.0,1980.0,1129.0,343.0,0,N,1,0.54,1
543,M,Zamboanga Del Sur,16790,14336.0,641.0,2,1,480.0,254.0,980.0,10117.0,730,U,4,0.73,7
544,M,Basilan,20641,38438.0,1933.0,3,2,1270.0,831.0,1123.0,1112.0,365,N,5,0.72,7
545,U,Nueva Ecija,2920,5941.0,4160.0,2,0,3910.0,1683.0,972.0,11422.0,2920,N,5,0.52,1
546,S,Lanao Del Norte,730,45656.0,1390.0,1,2,1345.0,338.0,386.0,3604.0,1095,N,4,0.45,0
547,U,Mindoro Occidental,2555,23125.0,43.0,2,1,1381.0,920.0,2996.0,18594.0,365,N,-1,0.58,2
548,D,Sorsogon,2190,2354.0,858.0,3,1,29.0,296.0,358.0,23953.0,1460,L,1,0.5,1
549,U,Marinduque,2190,30141.0,1262.0,1,1,58.0,3030.0,540.0,10359.0,1825,N,2,0.56,2
550,D,Manila,8760,8258.0,2041.0,3,1,2116.0,290.0,2454.0,12961.0,0,H,-1,0.64,4
551,D,Guimaras,15330,4875.0,484.0,1,0,91.0,2112.0,23.0,11641.0,365,N,2,0.67,5
552,D,Basilan,16060,547.0,237.0,3,1,920.0,869.0,2554.0,22484.0,1460,L,7,0.64,4
553,U,Leyte,6205,17719.0,910.0,1,0,846.0,1048.0,984.0,3262.0,8760,H,4,0.58,2
554,S,Catanduanes,2190,55406.0,56.0,0,0,47.0,2244.0,183.0,3623.0,730,N,2,0.56,2
555,D,Isabela,5110,10805.0,25.0,1,1,1605.0,1603.0,1831.0,24766.0,3650,L,2,0.63,4
556,M,Manila,1095,45688.0,2140.0,2,0,348.0,2660.0,1524.0,25547.0,1460,L,3,0.58,2
557,M,Southern Leyte,730,450.0,88.0,1,0,122.0,3.0,424.0,1545.0,365,L,6,0.28,0
558,D,Maguindanao,21900,68.0,216.0,2,0,1047.0,5492.0,1340.0,8969.0,3285,U,1,0.61,3
559,D,Lanao Del Norte,9125,11211.0,1397.0,0,1,530.0,24.0,5624.0,19938.0,730,N,4,0.68,6
560,U,Metropolitan Manila,2190,7145.0,1939.0,1,1,1491.0,23.0,375.0,31375.0,2555,N,2,0.54,1
561,S,Quezon Province,16425,9953.0,727.0,2,0,786.0,654.0,766.0,23688.0,1095,L,4,0.74,8
562,S,Masbate,4380,28344.0,1848.0,2,0,295.0,1912.0,460.0,30297.0,365,H,4,0.68,6
563,U,Basilan,3285,5199.0,87.0,2,0,648.0,2282.0,1185.0,16141.0,4745,H,2,0.54,1
564,D,Camarines Norte,10220,2408.0,3416.0,4,1,648.0,734.0,1559.0,9266.0,1460,L,6,0.6,3
565,S,Negros Occidental,10585,3248.0,39.0,2,0,633.0,22.0,2168.0,5781.0,2555,H,2,0.6,3
566,M,Quezon Province,4380,18062.0,646.0,2,1,2932.0,594.0,1217.0,27859.0,2190,L,2,0.66,5
567,M,Mindoro Occidental,2555,55688.0,2218.0,3,0,853.0,154.0,3204.0,16391.0,1460,L,4,0.64,4
568,S,Camiguin,3650,10719.0,2140.0,2,0,3266.0,439.0,646.0,1798.0,365,N,1,0.51,1
569,M,Isabela,3650,20453.0,510.0,0,2,1884.0,251.0,98.0,25906.0,3285,L,-1,0.65,5
570,M,Guimaras,10220,26391.0,128.0,1,0,2236.0,1509.0,387.0,64375.0,1460,U,2,0.79,9
571,U,Abra,2555,11258.0,148.0,2,0,219.0,623.0,822.0,36344.0,4380,U,6,0.58,2
572,M,Davao del Norte,29200,15102.0,502.0,3,0,1519.0,678.0,804.0,341.0,365,N,3,0.69,6
573,M,Sarangani,730,9625.0,396.0,2,1,942.0,30.0,996.0,4477.0,1095,U,-1,0.4,0
574,D,Mindoro Occidental,4745,23094.0,701.0,1,0,648.0,203.0,136.0,56375.0,1460,U,4,0.7,6
575,M,Manila,3285,12109.0,728.0,3,2,232.0,194.0,2640.0,8984.0,365,U,2,0.57,2
576,S,Davao Oriental,6570,5695.0,1093.0,2,1,682.0,978.0,1994.0,763.0,0,N,1,0.52,1
577,M,Sulu,2555,16656.0,2566.0,0,0,256.0,238.0,648.0,29906.0,2190,N,1,0.61,3
578,M,Zamboanga Del Sur,12410,3828.0,342.0,5,0,1630.0,3796.0,2666.0,21188.0,2920,L,7,0.68,6
579,U,Sorsogon,13870,5762.0,2402.0,1,0,40.0,726.0,935.0,4465.0,2190,L,5,0.62,4
580,D,Camarines Norte,4380,94625.0,1661.0,3,0,66.0,2554.0,2644.0,1938.0,365,H,1,0.62,3
581,M,Tarlac,24455,11859.0,76.0,2,1,2456.0,3622.0,347.0,35281.0,730,L,2,0.81,9
582,M,Mountain Province,4380,8594.0,546.0,1,2,246.0,202.0,492.0,24828.0,1460,U,4,0.63,4
583,M,Sorsogon,11315,27766.0,88.0,2,0,109.0,464.0,188.0,21453.0,1095,H,3,0.76,8
584,S,Agusan Del Norte,1095,29469.0,2242.0,2,1,519.0,1786.0,1213.0,8445.0,2555,N,2,0.5,1
585,O,Davao del Norte,3285,21328.0,892.0,0,0,1482.0,1683.0,1039.0,19406.0,3285,L,-1,0.61,3
586,M,Northern Samar,2920,20578.0,330.0,3,0,279.0,1468.0,948.0,5754.0,3285,N,4,0.57,2
587,D,Masbate,5110,5461.0,192.0,2,0,63.0,26.0,246.0,49406.0,1460,L,2,0.64,4
588,U,Catanduanes,23360,21125.0,3246.0,1,0,2906.0,324.0,1299.0,22266.0,3285,H,2,0.79,9
589,M,Negros Oriental,1825,10367.0,248.0,0,0,3282.0,39.0,48.0,8828.0,2920,N,3,0.51,1
590,D,Zamboanga Del Sur,5110,60938.0,1508.0,3,1,150.0,1552.0,12.0,7461.0,365,N,1,0.66,5
591,M,North Cotabato,13505,17688.0,3524.0,0,4,733.0,648.0,141.0,31938.0,1460,H,1,0.77,8
592,M,Masbate,1095,36906.0,878.0,1,0,278.0,333.0,1125.0,19625.0,1825,N,4,0.55,2
593,S,Sarangani,5840,19500.0,57.0,1,1,860.0,2658.0,1881.0,13781.0,4015,L,-1,0.65,5
594,M,Isabela,10585,11977.0,295.0,3,0,3010.0,560.0,340.0,18047.0,365,N,6,0.71,7
595,S,Lanao Del Norte,2190,6402.0,742.0,2,1,2150.0,974.0,64.0,1824.0,1460,L,-1,0.44,0
596,D,Quezon Province,5110,12062.0,432.0,2,0,253.0,187.0,432.0,18875.0,730,U,4,0.63,4
597,M,Negros Occidental,-29401,9641.0,1219.0,2,0,138.0,498.0,470.0,28438.0,2555,N,4,0.81,9
598,U,North Cotabato,6570,2174.0,2184.0,2,1,160.0,271.0,366.0,10773.0,5840,N,1,0.55,2
599,M,Bulacan,27010,1855.0,1062.0,1,0,1543.0,1039.0,1309.0,43469.0,1460,L,4,0.76,8
600,M,Southern Leyte,11680,14086.0,258.0,1,2,1653.0,159.0,3296.0,21922.0,1095,L,2,0.73,7
601,M,Ilocos Sur,730,21500.0,348.0,2,1,669.0,821.0,67.0,32656.0,2920,U,-1,0.52,1
602,U,Sulu,6935,6250.0,2350.0,0,1,338.0,1152.0,181.0,7562.0,4745,H,5,0.58,2
603,D,Sarangani,29930,12195.0,3058.0,1,0,2003.0,366.0,737.0,8375.0,2190,N,3,0.75,8
604,U,Davao Oriental,12775,5090.0,93.0,2,2,246.0,953.0,3240.0,37250.0,2555,L,4,0.7,6
605,S,Davao del Norte,6570,11531.0,79.0,0,2,4444.0,2228.0,879.0,8898.0,4380,L,6,0.62,4
606,D,Nueva Ecija,27010,184.0,2146.0,2,1,1636.0,1097.0,607.0,41625.0,2555,U,2,0.7,6
607,M,Maguindanao,6205,70.0,822.0,0,0,386.0,298.0,1672.0,2258.0,365,N,4,0.46,0
608,M,Davao Del Sur,5475,7590.0,1034.0,3,0,314.0,692.0,628.0,1247.0,1095,N,2,0.53,1
609,M,Davao del Norte,10585,33125.0,160.0,1,1,1015.0,387.0,107.0,1757.0,1825,U,4,0.66,5
610,D,Guimaras,6205,13891.0,1302.0,0,0,1158.0,2404.0,743.0,32844.0,365,N,4,0.67,5
611,M,Davao Oriental,-27941,11047.0,248.0,2,1,728.0,164.0,29.0,4027.0,2555,L,1,0.73,7
612,M,Bulacan,7665,78625.0,565.0,0,0,150.0,246.0,1446.0,33438.0,730,L,-1,0.79,9
613,M,Quezon Province,18615,206.0,1573.0,2,0,238.0,1828.0,334.0,8078.0,1825,N,2,0.62,3
614,M,Maguindanao,5110,10117.0,234.0,2,1,34.0,676.0,257.0,785.0,4015,H,6,0.53,1
615,M,Cebu,3285,29531.0,1714.0,2,2,1096.0,646.0,185.0,10156.0,365,L,2,0.61,3
616,M,Batangas,2555,722.0,858.0,3,0,817.0,2712.0,1738.0,16797.0,0,N,3,0.48,0
617,U,Davao del Norte,11315,10367.0,948.0,2,1,942.0,2386.0,18.0,8570.0,1095,L,3,0.65,5
618,M,Camarines Norte,20641,3670.0,221.0,1,1,665.0,1808.0,2380.0,22984.0,3285,N,1,0.73,7
619,U,Bataan,20276,9852.0,3.0,0,1,644.0,606.0,2118.0,63188.0,1460,L,4,0.79,9
620,M,Maguindanao,2555,3043.0,2376.0,1,0,110.0,1275.0,1417.0,5371.0,365,N,-1,0.48,0
621,S,Davao del Norte,14600,9805.0,2610.0,0,2,380.0,3190.0,686.0,36125.0,2920,U,2,0.75,8
622,U,Lanao Del Norte,2190,12023.0,267.0,2,1,586.0,362.0,134.0,4406.0,365,N,1,0.48,0
623,S,Nueva Vizcaya,2190,8039.0,329.0,3,1,20.0,1775.0,786.0,7461.0,365,L,7,0.5,1
624,S,Bulacan,23360,13070.0,956.0,1,0,766.0,294.0,262.0,2691.0,0,N,1,0.7,6
625,M,Pampanga,9855,10031.0,3034.0,3,0,442.0,2568.0,60.0,30359.0,2555,N,4,0.71,7
626,M,Quezon Province,9125,37562.0,673.0,0,2,1734.0,2468.0,179.0,57000.0,1460,U,6,0.79,9
627,S,Zamboanga Del Sur,24090,2064.0,3534.0,0,1,936.0,58.0,1111.0,12680.0,4015,N,2,0.69,6
628,S,Cagayan,2920,17812.0,2982.0,2,0,164.0,1470.0,428.0,8320.0,1460,U,2,0.57,2
629,S,Isabela,3650,35188.0,144.0,1,0,3098.0,928.0,33.0,60562.0,25550,L,2,0.7,6
630,D,Misamis Oriental,8760,1694.0,464.0,0,0,4844.0,1174.0,1448.0,32562.0,5110,N,4,0.63,4
631,S,Sorsogon,730,17500.0,290.0,1,0,2054.0,103.0,1488.0,3953.0,4745,U,-1,0.41,0
632,D,Cagayan,4745,32375.0,392.0,2,0,884.0,1164.0,23.0,19953.0,0,N,2,0.66,5
633,M,Bulacan,9125,72938.0,334.0,2,0,4756.0,690.0,135.0,9297.0,1825,H,4,0.74,8
634,M,Eastern Samar,26645,29141.0,83.0,2,1,692.0,1322.0,167.0,14969.0,1095,H,4,0.82,9
635,S,Camiguin,8030,8172.0,710.0,1,0,211.0,486.0,2346.0,6074.0,1825,N,2,0.61,3
636,M,Davao del Norte,-6570,15703.0,1631.0,1,1,77.0,1141.0,726.0,12875.0,0,N,3,0.66,5
637,D,Quezon Province,-18980,947.0,1983.0,3,0,410.0,152.0,820.0,1018.0,1460,N,5,0.55,2
638,S,Laguna,16790,16812.0,838.0,1,2,589.0,854.0,690.0,5805.0,1460,L,3,0.71,7
639,M,Maguindanao,1460,15859.0,211.0,1,0,183.0,1588.0,1906.0,31859.0,0,U,3,0.56,2
640,D,Biliran,730,22672.0,1288.0,1,0,1066.0,1024.0,1073.0,31516.0,365,L,-1,0.5,1
641,S,Isabela,16060,24234.0,2290.0,2,0,396.0,1548.0,179.0,21438.0,2555,U,1,0.77,8
642,M,Ilocos Sur,5110,21422.0,1382.0,1,1,2202.0,230.0,1134.0,2896.0,5840,N,4,0.59,3
643,S,Masbate,2555,14266.0,474.0,3,0,600.0,1058.0,378.0,2307.0,1825,N,2,0.5,1
644,M,Manila,10220,104250.0,1138.0,1,0,2696.0,73.0,1783.0,5352.0,730,L,-1,0.75,8
645,S,Camarines Norte,19345,30984.0,295.0,0,0,739.0,294.0,170.0,4156.0,365,N,2,0.73,7
646,U,Sarangani,22265,3777.0,533.0,1,1,3282.0,186.0,501.0,1467.0,730,N,2,0.61,3
647,M,Lanao Del Norte,-28306,20016.0,1580.0,0,0,408.0,1097.0,688.0,5090.0,4745,H,1,0.76,8
648,M,Negros Occidental,2920,80500.0,494.0,2,1,1288.0,1387.0,175.0,24594.0,3650,N,6,0.69,6
649,U,Zambales,-25386,22203.0,3212.0,2,0,720.0,2780.0,898.0,13852.0,2555,U,1,0.78,8
650,M,Albay,6205,3516.0,214.0,1,0,972.0,920.0,224.0,23875.0,4380,N,6,0.62,4
651,U,Negros Oriental,7665,7637.0,85.0,2,0,214.0,703.0,2400.0,63188.0,4745,L,5,0.69,6
652,D,Guimaras,3650,10922.0,914.0,2,1,26.0,2790.0,273.0,24750.0,0,L,3,0.6,3
653,M,Lanao Del Norte,15695,3250.0,188.0,2,2,264.0,1080.0,1041.0,95000.0,730,H,5,0.76,8
654,M,Aklan,5840,37656.0,115.0,0,0,250.0,1507.0,432.0,24203.0,1825,L,4,0.71,7
655,U,Nueva Ecija,14965,3906.0,912.0,2,2,46.0,2082.0,580.0,4523.0,365,H,4,0.61,3
656,D,Manila,30660,40500.0,800.0,0,0,480.0,1041.0,168.0,720.0,1095,N,1,0.73,7
657,S,Camarines Norte,4015,16812.0,970.0,1,0,229.0,1645.0,464.0,4004.0,10950,N,1,0.56,2
658,U,Pangasinan,29930,23141.0,1048.0,3,0,2404.0,7876.0,1498.0,19891.0,7665,N,2,0.81,9
659,S,Bulacan,3285,4098.0,884.0,3,2,474.0,230.0,1659.0,21266.0,2555,L,-1,0.56,2
660,D,Guimaras,23725,22188.0,10.0,2,0,2346.0,2104.0,480.0,43406.0,365,N,4,0.83,9
661,M,Lanao Del Norte,9490,23125.0,86.0,3,0,51.0,569.0,1537.0,7605.0,1825,U,4,0.69,6
662,D,Davao Oriental,7300,22406.0,942.0,1,0,361.0,407.0,984.0,18359.0,365,H,6,0.68,6
663,M,Misamis Oriental,16425,4164.0,984.0,1,0,1547.0,830.0,1047.0,6246.0,0,N,4,0.66,5
664,M,Agusan Del Sur,10220,11984.0,770.0,1,0,400.0,2620.0,97.0,10164.0,2190,L,3,0.68,6
665,S,Nueva Ecija,5475,22797.0,906.0,1,0,500.0,1460.0,1032.0,10477.0,1825,L,2,0.64,4
666,M,Davao del Norte,4380,2025.0,1970.0,1,0,517.0,155.0,223.0,56219.0,2555,N,5,0.61,3
667,D,Maguindanao,5110,41125.0,168.0,3,1,619.0,215.0,400.0,20766.0,1460,N,1,0.68,6
668,M,Manila,12045,50375.0,3234.0,1,1,272.0,732.0,1997.0,40094.0,2920,N,5,0.81,9
669,S,Catanduanes,5475,16797.0,623.0,1,1,1588.0,1230.0,1334.0,16438.0,1460,H,4,0.65,5
670,S,Ilocos Sur,16790,3658.0,14.0,2,2,4692.0,493.0,714.0,9828.0,2190,L,2,0.67,5
671,D,Mindoro Oriental,9125,27281.0,22.0,1,0,225.0,256.0,989.0,35156.0,1460,L,3,0.74,8
672,M,Camarines Norte,3650,44656.0,3862.0,0,1,1429.0,1116.0,413.0,30750.0,1825,N,1,0.69,6
673,U,Lanao Del Norte,23725,10188.0,147.0,2,0,948.0,830.0,880.0,25297.0,6935,L,4,0.76,8
674,M,Catanduanes,10950,11688.0,615.0,1,1,480.0,3404.0,840.0,88000.0,2190,L,7,0.78,8
675,S,Camarines Norte,5840,7086.0,245.0,2,1,1077.0,157.0,135.0,20922.0,13505,L,1,0.63,4
676,S,Sulu,3285,1996.0,1204.0,1,1,566.0,1822.0,1998.0,28641.0,365,L,2,0.55,1
677,M,Biliran,2190,65812.0,733.0,2,0,1540.0,1917.0,556.0,1796.0,730,L,4,0.55,2
678,M,Mindoro Occidental,8760,10812.0,1789.0,2,0,693.0,98.0,191.0,7957.0,1095,L,1,0.65,5
679,U,Cebu,3650,8266.0,175.0,1,1,157.0,1109.0,1224.0,15516.0,730,N,-1,0.57,2
680,M,Ilocos Sur,2555,33688.0,243.0,3,0,889.0,949.0,41.0,3566.0,730,N,4,0.56,2
681,U,Zamboanga Del Norte,13870,20453.0,328.0,2,0,4024.0,485.0,1388.0,27375.0,0,L,1,0.75,8
682,U,Mindoro Occidental,365,8312.0,1352.0,0,1,145.0,687.0,1270.0,18469.0,730,L,5,0.37,0
683,S,Lanao Del Norte,1825,18422.0,2778.0,1,0,1748.0,740.0,687.0,4516.0,730,H,6,0.5,1
684,M,Guimaras,4380,55031.0,466.0,1,0,3622.0,1620.0,802.0,8297.0,1460,L,1,0.66,5
685,U,Ilocos Sur,12045,4699.0,1177.0,2,1,1199.0,1538.0,652.0,9406.0,365,L,-1,0.63,4
686,D,Mindoro Occidental,8395,6656.0,274.0,1,1,3684.0,335.0,1101.0,11766.0,365,N,6,0.63,4
687,D,Zamboanga Del Norte,2555,5578.0,631.0,0,1,517.0,18.0,1247.0,7543.0,1825,U,7,0.49,0
688,M,Davao del Norte,4015,16156.0,2536.0,2,0,45.0,654.0,530.0,10992.0,730,L,1,0.61,3
689,M,Quezon Province,9490,58812.0,96.0,3,1,986.0,737.0,2056.0,1462.0,0,U,6,0.67,5
690,D,Quezon Province,18615,44688.0,1522.0,1,0,9.0,1414.0,2132.0,3473.0,1460,H,2,0.73,7
691,O,Metropolitan Manila,2190,16703.0,180.0,2,1,759.0,16.0,1445.0,7742.0,2190,N,1,0.52,1
692,S,Nueva Ecija,2555,40906.0,90.0,0,0,1903.0,127.0,578.0,4492.0,365,N,6,0.57,2
693,U,Davao Oriental,5110,22031.0,176.0,2,1,576.0,834.0,2866.0,7199.0,1825,L,3,0.61,3
694,D,Bataan,6205,71875.0,89.0,2,0,1302.0,239.0,1894.0,38219.0,2190,N,2,0.75,8
695,S,Camarines Norte,2555,11305.0,1394.0,2,1,2720.0,844.0,70.0,17203.0,1825,N,-1,0.57,2
696,M,Tarlac,730,2445.0,2690.0,2,2,248.0,626.0,321.0,14367.0,1095,U,2,0.4,0
697,S,Sarangani,2920,3443.0,224.0,0,0,1034.0,351.0,2526.0,13164.0,2920,N,-1,0.52,1
698,S,Camarines Norte,2190,15000.0,844.0,2,1,148.0,1516.0,702.0,81750.0,2920,H,2,0.63,4
699,M,Quezon Province,4015,44781.0,4276.0,1,0,676.0,1220.0,379.0,14898.0,1095,N,3,0.67,5
700,U,Catanduanes,4380,35000.0,1229.0,0,0,760.0,4820.0,60.0,6492.0,365,N,6,0.61,3
701,D,Manila,-18250,13477.0,83.0,1,1,648.0,266.0,2684.0,32031.0,365,L,4,0.77,8
702,S,Bohol,3285,62250.0,1268.0,3,2,2038.0,1347.0,49.0,2586.0,5110,L,1,0.59,3
703,M,Lanao Del Norte,9125,57281.0,267.0,1,1,3346.0,2284.0,492.0,4617.0,0,U,1,0.7,7
704,M,Davao del Norte,22265,310.0,1144.0,3,2,1460.0,1839.0,1936.0,11797.0,12045,L,2,0.65,5
705,S,Catanduanes,4745,340.0,270.0,1,1,324.0,1054.0,200.0,60438.0,730,U,-1,0.58,2
706,M,Bohol,5475,20438.0,1254.0,1,0,732.0,916.0,2442.0,17469.0,2190,U,4,0.67,5
707,M,Kalinga-Apayao,4745,2771.0,71.0,3,0,330.0,1229.0,1221.0,4789.0,0,N,-1,0.52,1
708,M,Surigao del Norte,-26481,34250.0,574.0,3,0,574.0,820.0,1816.0,2225.0,730,L,5,0.75,8
709,M,Manila,12045,14391.0,971.0,2,0,1240.0,2630.0,3812.0,40875.0,2190,H,1,0.76,8
710,M,Bulacan,3285,37531.0,1134.0,3,0,807.0,842.0,966.0,34125.0,1825,H,2,0.68,6
711,S,Mountain Province,5475,8234.0,1328.0,1,2,102.0,824.0,803.0,20266.0,730,L,-1,0.63,4
712,D,Tawi-Tawi,26645,13953.0,1617.0,1,1,481.0,436.0,448.0,109625.0,1095,L,1,0.86,9
713,M,Sorsogon,6935,22219.0,1507.0,1,2,1606.0,756.0,900.0,696.0,730,U,4,0.58,2
714,M,Maguindanao,28671,16484.0,397.0,0,1,36.0,1480.0,793.0,39250.0,1460,L,1,0.84,9
715,S,Guimaras,1460,9359.0,2908.0,0,1,1509.0,548.0,690.0,5398.0,2555,N,6,0.46,0
716,D,Bataan,365,3.0,736.0,1,0,402.0,2554.0,80.0,3227.0,3285,N,2,0.21,0
717,S,Mindoro Occidental,9855,28062.0,54.0,1,2,564.0,4620.0,78.0,31453.0,5475,U,6,0.75,8
718,M,Catanduanes,8030,20547.0,78.0,1,0,104.0,250.0,363.0,7125.0,13870,L,2,0.66,5
719,D,Isabela,7665,12875.0,1641.0,1,1,75.0,1159.0,2446.0,754.0,730,U,4,0.55,2
720,U,Negros Occidental,8395,20438.0,2182.0,3,0,1176.0,1021.0,84.0,17266.0,1095,L,1,0.68,6
721,M,Cebu,12045,5578.0,1501.0,0,2,1027.0,1150.0,4032.0,30875.0,365,U,4,0.71,7
722,D,Sulu,8760,109875.0,956.0,1,1,362.0,1234.0,759.0,9867.0,730,N,-1,0.74,8
723,D,Ilocos Sur,4745,3607.0,2118.0,1,0,176.0,1141.0,1280.0,5887.0,1460,N,4,0.52,1
724,S,Manila,14235,50094.0,43.0,2,0,1235.0,1593.0,1174.0,72812.0,1825,N,1,0.85,9
725,M,Guimaras,2190,52375.0,3324.0,0,0,1212.0,251.0,2006.0,6531.0,1460,N,6,0.59,2
726,M,Davao del Norte,5110,6633.0,569.0,1,2,2326.0,46.0,896.0,19375.0,8760,U,4,0.62,4
727,M,Davao Oriental,7665,4633.0,1038.0,2,0,1688.0,884.0,100.0,10922.0,365,N,7,0.62,3
728,S,Catanduanes,6570,9508.0,554.0,2,1,851.0,264.0,702.0,45219.0,5110,L,2,0.69,6
729,U,Mindoro Oriental,10220,53500.0,3046.0,0,2,602.0,2404.0,698.0,9969.0,1825,L,4,0.72,7
730,D,Catanduanes,6205,20953.0,1343.0,0,0,1661.0,207.0,935.0,15609.0,1460,L,4,0.66,5
731,M,Cebu,3650,39656.0,490.0,2,3,2082.0,2696.0,1550.0,12391.0,730,N,6,0.65,4
732,M,North Cotabato,1825,2020.0,2096.0,2,1,252.0,27.0,505.0,23812.0,2190,N,4,0.49,0
733,D,Cagayan,12410,2379.0,188.0,2,2,1125.0,18.0,2676.0,12938.0,3285,N,1,0.63,4
734,S,Guimaras,13870,31250.0,1108.0,1,0,738.0,684.0,439.0,19203.0,1460,N,-1,0.77,8
735,D,Laguna,2190,15273.0,790.0,2,0,100.0,143.0,1134.0,4828.0,4745,H,1,0.5,1
736,D,Lanao Del Norte,6570,31000.0,245.0,1,1,1634.0,234.0,1803.0,58688.0,0,N,5,0.74,8
737,M,Cavite,1825,41500.0,1995.0,2,1,37.0,153.0,1830.0,8617.0,365,U,7,0.57,2
738,M,Guimaras,2920,48406.0,3232.0,1,1,29.0,736.0,4344.0,35938.0,2190,L,7,0.68,6
739,M,Bukidnon,365,7066.0,440.0,1,0,665.0,4.0,1336.0,55500.0,1460,N,2,0.44,0
740,M,Ifugao,8395,54.0,7300.0,1,0,1070.0,1400.0,892.0,104125.0,0,N,-1,0.65,5
741,D,Zamboanga Del Sur,2190,6578.0,198.0,3,0,349.0,476.0,1107.0,1831.0,730,H,6,0.44,0
742,D,Antique,4015,3762.0,1295.0,0,2,2554.0,430.0,615.0,52219.0,1095,L,2,0.6,3
743,M,Sarangani,25550,7691.0,3216.0,2,0,1020.0,90.0,7.0,22969.0,1460,H,4,0.78,8
744,U,Camarines Norte,3650,35875.0,95.0,0,1,835.0,107.0,634.0,1510.0,365,N,2,0.54,1
745,S,Davao del Norte,5110,19469.0,897.0,2,2,76.0,1784.0,2164.0,3299.0,2190,N,6,0.59,2
746,U,Rizal Province,18980,38000.0,1888.0,1,1,3896.0,2780.0,660.0,2738.0,1825,N,5,0.71,7
747,U,Catanduanes,4015,744.0,670.0,0,0,1019.0,98.0,2516.0,12305.0,0,N,3,0.49,0
748,U,Kalinga-Apayao,4380,5242.0,66.0,1,1,638.0,2200.0,112.0,34000.0,4015,H,4,0.6,3
749,U,Davao del Norte,4015,11773.0,1490.0,3,1,409.0,690.0,1958.0,20406.0,730,L,1,0.6,3
750,S,Lanao Del Sur,17520,1776.0,773.0,1,1,486.0,58.0,2045.0,38531.0,6205,L,2,0.71,7
751,D,Siquijor,5840,18797.0,266.0,1,0,174.0,1235.0,2506.0,892.0,1825,L,4,0.55,2
752,S,Batanes,9490,55219.0,1656.0,2,1,93.0,571.0,463.0,108812.0,1095,L,3,0.83,9
753,M,Surigao del Sur,2920,61844.0,741.0,2,2,646.0,960.0,2854.0,46062.0,365,L,1,0.7,6
754,S,Camarines Norte,11680,23969.0,718.0,0,0,139.0,164.0,1243.0,7762.0,0,N,4,0.7,6
755,M,Manila,5840,96000.0,666.0,2,1,347.0,312.0,492.0,13625.0,1460,N,-1,0.73,7
756,M,Negros Occidental,9125,16812.0,802.0,2,0,2486.0,394.0,1116.0,36906.0,2920,L,7,0.74,8
757,S,Sarangani,4745,1330.0,1947.0,0,0,36.0,2011.0,1780.0,9562.0,730,N,2,0.52,1
758,U,Sarangani,22265,2686.0,690.0,0,2,2398.0,110.0,2696.0,8523.0,6935,H,4,0.66,5
759,M,Zamboanga Del Sur,3285,10023.0,312.0,3,1,476.0,3.0,580.0,11078.0,730,N,7,0.57,2
760,D,Lanao Del Norte,2555,37500.0,494.0,1,0,348.0,464.0,1332.0,35531.0,4015,H,6,0.64,4
761,M,Davao del Norte,17885,3830.0,2022.0,0,0,3276.0,415.0,1514.0,34750.0,2555,U,2,0.74,8
762,S,Quezon Province,5840,12250.0,816.0,0,0,165.0,1361.0,331.0,21078.0,0,N,1,0.65,5
763,M,Quezon Province,6570,5082.0,308.0,0,1,1512.0,222.0,3316.0,4082.0,1460,N,5,0.57,2
764,M,Zambales,11680,16797.0,444.0,1,2,597.0,1073.0,522.0,18547.0,1460,L,-1,0.73,7
765,M,Cebu,4380,11367.0,352.0,1,1,2918.0,367.0,1008.0,11766.0,1095,N,3,0.61,3
766,D,Northern Samar,4745,13773.0,1116.0,2,3,329.0,3204.0,248.0,3166.0,1095,L,2,0.55,2
767,U,Camarines Norte,29401,7754.0,1213.0,3,0,558.0,42.0,51.0,10375.0,1460,N,2,0.74,7
768,O,Nueva Ecija,4015,11508.0,6060.0,1,1,390.0,1600.0,128.0,17844.0,2190,U,6,0.59,3
769,S,Quezon Province,5475,20969.0,3410.0,0,1,31.0,407.0,820.0,9977.0,6935,U,2,0.64,4
770,U,Mindoro Oriental,2190,15422.0,738.0,1,1,1121.0,530.0,590.0,27156.0,6570,N,2,0.57,2
771,M,Manila,1095,9445.0,108.0,1,0,1605.0,221.0,537.0,98438.0,2190,U,2,0.57,2
772,O,Catanduanes,1825,33438.0,952.0,2,0,1484.0,3994.0,198.0,3891.0,365,N,1,0.51,1
773,D,Bataan,7665,49438.0,323.0,3,2,884.0,964.0,152.0,8836.0,365,U,2,0.69,6
774,M,Manila,730,49.0,404.0,2,0,227.0,1034.0,2448.0,2689.0,1095,N,6,0.28,0
775,M,Surigao del Sur,14965,32156.0,3912.0,2,0,3224.0,815.0,177.0,29219.0,2920,U,4,0.8,9
776,S,Mindoro Occidental,1460,3404.0,1869.0,1,1,658.0,2306.0,89.0,9383.0,1095,L,6,0.44,0
777,M,Lanao Del Norte,3650,11820.0,211.0,2,0,1806.0,14.0,304.0,2650.0,0,N,1,0.53,1
778,S,Nueva Vizcaya,11680,59438.0,2003.0,0,1,794.0,1173.0,302.0,29391.0,4380,U,6,0.8,9
779,S,Metropolitan Manila,8030,5613.0,1619.0,1,1,223.0,1485.0,4430.0,19641.0,730,N,-1,0.65,5
780,S,Marinduque,3650,63531.0,2510.0,2,1,696.0,1912.0,250.0,369.0,4380,L,6,0.56,2
781,D,Maguindanao,21900,25938.0,411.0,2,2,526.0,457.0,322.0,18609.0,0,N,2,0.79,9
782,M,Siquijor,-22265,49219.0,4390.0,2,1,1487.0,496.0,762.0,39500.0,3650,N,-1,0.87,9
783,D,Agusan Del Sur,5475,12266.0,826.0,0,2,522.0,2526.0,1788.0,2562.0,365,U,4,0.55,2
784,U,Camarines Norte,8395,11961.0,144.0,2,2,41.0,2754.0,274.0,37656.0,2920,N,2,0.7,6
785,U,Cebu,-20641,14820.0,162.0,0,0,290.0,1287.0,1165.0,65750.0,730,H,7,0.81,9
786,U,Sarangani,31390,14797.0,373.0,1,0,3818.0,1944.0,1459.0,12445.0,730,L,2,0.78,8
787,M,Manila,4015,3959.0,292.0,4,1,1134.0,6708.0,3034.0,11117.0,4015,N,1,0.55,2
788,S,Cagayan,10585,23438.0,91.0,1,0,37.0,2524.0,453.0,52219.0,730,L,2,0.77,8
789,M,Camarines Norte,1825,12570.0,488.0,1,1,10.0,1252.0,1998.0,4344.0,730,L,4,0.49,0
790,M,Antique,-27576,5051.0,2440.0,1,0,30.0,426.0,143.0,23531.0,3285,H,2,0.77,8
791,M,Nueva Ecija,8030,31391.0,442.0,1,1,2848.0,662.0,1271.0,18594.0,365,L,6,0.72,7
792,S,Mindoro Occidental,6935,2359.0,18.0,1,1,590.0,669.0,2606.0,27219.0,4380,N,6,0.62,3
793,S,Davao del Norte,7300,5312.0,507.0,3,0,358.0,571.0,1402.0,3801.0,1460,U,-1,0.57,2
794,M,Mountain Province,2555,7027.0,154.0,1,0,198.0,424.0,309.0,574.0,1825,N,2,0.44,0
795,M,Camarines Norte,12045,5949.0,224.0,2,0,3662.0,1043.0,1281.0,39219.0,2190,N,2,0.72,7
796,M,Basilan,5840,16844.0,214.0,0,0,1775.0,82.0,2074.0,2504.0,3285,U,1,0.59,3
797,M,Abra,2920,36469.0,1759.0,1,0,1545.0,156.0,2392.0,22328.0,365,L,1,0.65,5
798,M,Guimaras,26645,26125.0,341.0,2,0,932.0,387.0,1622.0,20359.0,1825,N,1,0.83,9
799,M,Mindoro Oriental,2920,6398.0,500.0,0,0,105.0,213.0,1157.0,1515.0,5110,N,4,0.47,0
800,S,Manila,5840,35094.0,2274.0,3,0,2378.0,237.0,191.0,6348.0,2920,U,5,0.65,5
801,M,Pangasinan,6570,59969.0,3876.0,0,0,154.0,728.0,194.0,5426.0,2190,N,5,0.68,6
802,M,Aurora,3650,21078.0,479.0,2,0,606.0,610.0,506.0,745.0,1460,U,5,0.53,1
803,S,Catanduanes,3285,16953.0,3276.0,3,0,1270.0,184.0,1152.0,21484.0,3285,L,4,0.61,3
804,M,Kalinga-Apayao,2555,9812.0,349.0,1,1,620.0,840.0,814.0,11156.0,1095,L,1,0.55,1
805,M,Quirino Province,2555,42969.0,329.0,0,0,432.0,268.0,115.0,41062.0,730,U,3,0.67,5
806,M,Camarines Norte,1825,24844.0,622.0,2,0,594.0,469.0,3106.0,1843.0,8030,U,2,0.49,0
807,M,Tarlac,2920,6977.0,366.0,0,0,1891.0,1517.0,14.0,28594.0,365,H,4,0.59,3
808,U,Sarangani,2555,10719.0,2016.0,1,2,722.0,67.0,2100.0,47250.0,730,L,4,0.59,3
809,D,Basilan,22265,5285.0,114.0,3,0,1717.0,420.0,97.0,58438.0,3650,N,2,0.78,8
810,M,Basilan,6205,47781.0,2030.0,1,1,119.0,451.0,1462.0,16922.0,2920,N,4,0.72,7
811,U,Surigao del Sur,730,5500.0,2962.0,1,0,183.0,1001.0,792.0,51188.0,2555,N,6,0.46,0
812,S,Zamboanga Del Norte,7300,13609.0,228.0,0,2,870.0,3228.0,192.0,5203.0,2920,L,2,0.62,4
813,M,Kalinga-Apayao,5475,6977.0,230.0,0,1,1552.0,43.0,123.0,25688.0,1095,N,1,0.64,4
814,M,Tarlac,12410,10430.0,2006.0,1,1,132.0,11.0,1894.0,625.0,365,N,-1,0.6,3
815,D,Cebu,2555,29984.0,2778.0,1,2,390.0,3206.0,1363.0,61531.0,3650,L,3,0.65,5
816,M,Cavite,4745,562.0,396.0,1,2,1253.0,709.0,594.0,27562.0,365,U,4,0.56,2
817,M,Nueva Ecija,2920,26328.0,1144.0,2,0,399.0,652.0,262.0,8672.0,365,N,4,0.59,3
818,M,Bulacan,2555,15023.0,1249.0,2,0,174.0,1627.0,1588.0,22328.0,1825,L,4,0.6,3
819,U,Zamboanga Del Sur,2920,29188.0,1284.0,4,1,1471.0,996.0,847.0,24703.0,7300,L,1,0.62,4
820,S,Bataan,10220,19750.0,3612.0,2,2,76.0,4236.0,146.0,5039.0,1095,U,4,0.66,5
821,M,Mindoro Oriental,13505,32031.0,68.0,1,1,3210.0,1703.0,1536.0,39281.0,1460,U,2,0.8,9
822,M,Davao del Norte,4745,178.0,533.0,0,0,194.0,370.0,1290.0,50344.0,365,N,2,0.57,2
823,S,Sarangani,25185,18438.0,2440.0,2,0,200.0,2622.0,432.0,54250.0,2190,H,1,0.84,9
824,O,Basilan,26645,21781.0,1781.0,3,0,520.0,810.0,536.0,10594.0,2920,N,4,0.77,8
825,M,Bukidnon,4745,849.0,2028.0,2,1,256.0,1570.0,1692.0,53062.0,1095,U,2,0.59,3
826,M,Camarines Norte,3285,27438.0,2418.0,0,1,666.0,2232.0,16.0,10625.0,730,U,1,0.61,3
827,M,Lanao Del Norte,22630,10508.0,933.0,0,1,90.0,2198.0,776.0,37250.0,1825,N,2,0.8,9
828,M,Lanao Del Norte,1825,222.0,2780.0,2,0,483.0,483.0,178.0,18125.0,730,H,2,0.44,0
829,M,Zamboanga Del Sur,5840,4250.0,229.0,2,1,2838.0,3070.0,2460.0,23562.0,5475,N,1,0.62,4
830,M,Negros Oriental,32686,11367.0,944.0,1,0,128.0,1975.0,298.0,1645.0,1825,L,4,0.72,7
831,M,Ilocos Sur,17155,4117.0,262.0,2,1,836.0,147.0,4060.0,20547.0,1825,N,3,0.71,7
832,M,Lanao Del Norte,2190,12641.0,118.0,2,2,1001.0,309.0,536.0,3166.0,365,U,5,0.5,1
833,M,Maguindanao,11315,12336.0,1155.0,1,0,592.0,103.0,30.0,15320.0,2555,N,6,0.71,7
834,M,Manila,5110,5004.0,404.0,1,0,499.0,161.0,1611.0,17469.0,5110,N,5,0.6,3
835,M,Ifugao,1095,43406.0,788.0,3,2,113.0,2552.0,1825.0,77875.0,2190,L,2,0.62,4
836,M,Davao del Norte,4015,26750.0,22.0,1,2,1328.0,546.0,1121.0,10734.0,3285,L,6,0.63,4
837,S,Metropolitan Manila,5840,701.0,266.0,1,1,142.0,357.0,2920.0,15062.0,2555,H,2,0.54,1
838,S,Davao Oriental,6205,58125.0,1110.0,3,1,3260.0,223.0,2218.0,72125.0,730,N,4,0.78,9
839,D,Guimaras,9855,3391.0,1006.0,0,0,1702.0,418.0,1241.0,849.0,0,U,6,0.53,1
840,M,Surigao del Norte,11315,10352.0,957.0,1,2,547.0,213.0,1029.0,37188.0,7665,U,1,0.74,8
841,U,Camarines Norte,2190,35844.0,433.0,3,1,203.0,2068.0,222.0,41219.0,2555,N,6,0.63,4
842,D,Sorsogon,14600,10547.0,1499.0,2,2,1877.0,458.0,646.0,55188.0,0,N,4,0.76,8
843,S,Manila,9490,50812.0,811.0,3,0,82.0,268.0,1296.0,7488.0,0,N,2,0.71,7
844,D,Davao Oriental,10585,9453.0,716.0,2,1,942.0,862.0,428.0,513.0,1460,L,4,0.56,2
845,M,Abra,16790,15062.0,156.0,2,0,1041.0,532.0,2896.0,3184.0,14600,U,2,0.69,6
846,O,Mindoro Oriental,2190,22391.0,964.0,1,0,1436.0,473.0,1127.0,7152.0,365,N,-1,0.53,1
847,M,Sorsogon,9490,32844.0,189.0,3,0,308.0,2122.0,1168.0,4008.0,5110,N,3,0.68,6
848,D,Antique,-27941,23203.0,439.0,2,1,780.0,181.0,693.0,80.0,1825,N,1,0.68,6
849,M,Tawi-Tawi,3285,33906.0,894.0,2,0,1482.0,1351.0,42.0,52469.0,3650,N,2,0.69,6
850,M,Isabela,11315,28297.0,485.0,0,0,395.0,744.0,772.0,2902.0,2190,L,4,0.68,6
851,M,Zambales,2920,52031.0,806.0,0,0,468.0,1170.0,624.0,6992.0,1460,L,3,0.61,3
852,M,Kalinga-Apayao,5840,3340.0,382.0,0,1,875.0,142.0,847.0,19203.0,3650,N,1,0.6,3
853,O,Manila,14965,5480.0,467.0,2,0,218.0,1051.0,1529.0,13406.0,2555,N,2,0.67,5
854,U,Misamis Occidental,1095,589.0,59.0,2,0,211.0,531.0,1035.0,33281.0,365,H,4,0.41,0
855,M,Cavite,10220,15602.0,340.0,3,0,364.0,1174.0,956.0,4098.0,1460,N,3,0.65,5
856,M,Nueva Ecija,6205,666.0,1800.0,2,1,1916.0,274.0,364.0,2598.0,1460,L,6,0.49,0
857,D,Sarangani,11315,2438.0,700.0,1,1,350.0,701.0,1830.0,13086.0,1095,N,1,0.62,4
858,M,Southern Leyte,17885,5812.0,1252.0,1,0,53.0,226.0,834.0,48938.0,365,U,4,0.77,8
859,S,La Union,3650,43000.0,9.0,1,1,3304.0,148.0,302.0,5363.0,1095,N,4,0.61,3
860,M,Guimaras,2920,10352.0,1727.0,2,0,6.0,294.0,779.0,7438.0,2555,L,1,0.55,1
861,U,Maguindanao,-20276,6637.0,951.0,1,0,2136.0,802.0,282.0,29406.0,20440,N,2,0.74,8
862,S,Masbate,3285,3092.0,2488.0,1,1,159.0,1129.0,1157.0,9414.0,6205,L,4,0.51,1
863,U,Zambales,18816,29422.0,116.0,0,0,524.0,211.0,760.0,4250.0,19345,N,1,0.72,7
864,D,Sarangani,6570,34000.0,1405.0,2,1,116.0,1422.0,11.0,45156.0,4015,L,1,0.73,7
865,M,Bulacan,3650,28672.0,118.0,0,0,1366.0,1536.0,2314.0,18891.0,365,U,2,0.65,5
866,U,Camiguin,730,15172.0,234.0,1,2,1305.0,374.0,1399.0,11531.0,10585,N,2,0.44,0
867,U,Maguindanao,730,12234.0,355.0,2,1,792.0,74.0,798.0,40031.0,6205,N,2,0.48,0
868,U,Lanao Del Norte,28105,9273.0,608.0,2,0,9.0,1109.0,146.0,15750.0,2190,N,4,0.76,8
869,U,Bulacan,22630,21641.0,1494.0,2,1,51.0,1955.0,2690.0,74500.0,0,L,2,0.84,9
870,M,Siquijor,6205,26609.0,1445.0,1,2,642.0,714.0,648.0,8422.0,1460,U,5,0.66,5
871,M,Bohol,6935,55375.0,361.0,1,0,44.0,1130.0,81.0,20438.0,1460,N,4,0.74,8
872,U,Basilan,8030,42031.0,322.0,2,1,3240.0,576.0,731.0,6328.0,10950,L,6,0.67,5
873,S,Ilocos Sur,3650,12430.0,478.0,1,1,669.0,797.0,60.0,14180.0,2555,N,1,0.59,3
874,M,Sarangani,4015,13000.0,846.0,1,0,387.0,683.0,992.0,8977.0,4015,U,6,0.59,3
875,M,Zamboanga Del Sur,2190,14516.0,94.0,1,2,1570.0,454.0,2812.0,25266.0,4015,U,-1,0.59,3
876,S,Bukidnon,24090,37531.0,448.0,2,0,520.0,73.0,1064.0,18688.0,1825,U,1,0.82,9
877,D,Basilan,11315,17500.0,476.0,2,0,1903.0,443.0,1272.0,13555.0,0,N,3,0.7,6
878,D,Zambales,20075,13242.0,1823.0,2,0,49.0,635.0,1794.0,9273.0,3650,N,4,0.72,7
879,M,Catanduanes,7300,2426.0,730.0,0,0,50.0,744.0,331.0,17656.0,1095,N,4,0.61,3
880,D,Sorsogon,4745,12953.0,92.0,2,0,1002.0,648.0,526.0,12453.0,6570,N,1,0.6,3
881,M,Bulacan,21535,238.0,276.0,2,0,60.0,1295.0,153.0,10008.0,1460,N,6,0.64,4
882,D,Camiguin,13870,11438.0,836.0,1,1,580.0,1658.0,1412.0,41906.0,1095,N,3,0.75,8
883,D,Lanao Del Norte,9125,21719.0,554.0,3,3,73.0,138.0,1114.0,4406.0,2190,N,4,0.64,4
884,M,Bataan,6935,14570.0,1137.0,0,1,176.0,1424.0,2818.0,87188.0,10585,L,7,0.74,8
885,S,Surigao del Sur,12775,7379.0,2068.0,1,0,790.0,1248.0,1474.0,5938.0,730,U,2,0.65,5
886,M,Nueva Vizcaya,1095,4055.0,842.0,3,2,788.0,2564.0,500.0,40250.0,1825,U,2,0.5,0
887,M,Maguindanao,21535,66000.0,2264.0,1,0,636.0,392.0,1191.0,5004.0,2555,U,2,0.79,9
888,D,Misamis Occidental,6570,10383.0,1800.0,3,2,908.0,201.0,276.0,39031.0,730,N,2,0.67,6
889,D,Lanao Del Norte,3285,57781.0,3112.0,2,0,1066.0,1127.0,44.0,44219.0,6570,L,4,0.69,6
890,S,Sarangani,22995,36938.0,838.0,3,1,3600.0,4224.0,1395.0,11516.0,2190,H,7,0.8,9
891,S,Cebu,1095,17312.0,95.0,2,0,580.0,1475.0,84.0,21703.0,1825,L,1,0.52,1
892,M,Ifugao,2555,39906.0,964.0,1,1,1620.0,190.0,3944.0,2922.0,365,U,4,0.56,2
893,M,Cebu,21535,25797.0,1658.0,0,1,148.0,4170.0,932.0,511.0,365,L,2,0.69,6
894,S,Nueva Vizcaya,18615,42688.0,1206.0,1,1,1274.0,222.0,876.0,10570.0,1460,L,-1,0.78,9
895,S,Quezon Province,6935,7055.0,1515.0,1,0,68.0,943.0,6790.0,44031.0,365,N,5,0.68,6
896,S,Sarangani,9490,57750.0,2033.0,1,1,80.0,260.0,87.0,2424.0,1825,N,1,0.68,6
897,S,Maguindanao,14965,9641.0,1084.0,1,0,1303.0,2364.0,2598.0,29688.0,0,H,7,0.74,8
898,U,Mindoro Occidental,28470,8078.0,553.0,2,0,278.0,560.0,3346.0,44188.0,1460,H,1,0.8,9
899,S,Lanao Del Norte,5110,8648.0,4004.0,0,1,2750.0,1977.0,81.0,10055.0,1460,N,1,0.59,3
900,D,Davao del Norte,20440,28141.0,355.0,1,0,4464.0,772.0,6180.0,6441.0,730,L,6,0.74,8
901,S,Manila,13140,28000.0,1908.0,2,1,27.0,428.0,106.0,13742.0,730,L,1,0.74,8
902,S,Mindoro Occidental,4745,35656.0,251.0,2,2,944.0,1198.0,1006.0,20812.0,8395,N,4,0.68,6
903,D,Masbate,1095,7883.0,698.0,1,0,808.0,2346.0,432.0,5180.0,1095,U,5,0.42,0
904,M,Masbate,730,12570.0,2944.0,0,0,142.0,400.0,1284.0,4008.0,1460,L,4,0.41,0
905,M,Manila,730,7020.0,2262.0,1,1,303.0,1680.0,1514.0,840.0,2555,L,7,0.34,0
906,M,Maguindanao,15695,4492.0,1628.0,3,0,836.0,52.0,1920.0,2457.0,1460,U,1,0.62,4
907,O,Ilocos Sur,1825,21469.0,1730.0,0,1,562.0,1407.0,1152.0,1414.0,2190,N,4,0.46,0
908,M,Sarangani,3650,4660.0,1014.0,3,0,106.0,33.0,538.0,25281.0,0,U,-1,0.59,3
909,S,Bukidnon,3650,2459.0,133.0,2,2,2954.0,264.0,223.0,9703.0,365,N,2,0.52,1
910,M,Guimaras,11680,8211.0,540.0,0,1,944.0,1570.0,533.0,2670.0,2190,N,3,0.62,4
911,M,Camarines Norte,25185,2152.0,4.0,2,0,1510.0,1333.0,452.0,24500.0,365,H,7,0.73,7
912,U,Masbate,3650,8828.0,794.0,2,2,1939.0,722.0,122.0,1912.0,730,H,4,0.49,0
913,M,Sulu,3285,4254.0,754.0,1,1,338.0,164.0,599.0,33500.0,365,L,6,0.59,2
914,D,Manila,12775,9719.0,112.0,2,0,87.0,169.0,133.0,8430.0,1095,U,1,0.67,5
915,M,Romblon,5110,15766.0,1019.0,1,1,232.0,309.0,538.0,21094.0,1460,N,-1,0.66,5
916,S,Ifugao,9490,18219.0,2092.0,2,1,2160.0,79.0,4556.0,48344.0,0,N,5,0.75,8
917,S,Ilocos Norte,5475,6855.0,1195.0,2,0,1002.0,1664.0,2998.0,1648.0,0,L,2,0.53,1
918,D,Antique,1825,20609.0,143.0,1,1,254.0,536.0,273.0,6289.0,2190,N,6,0.51,1
919,W,Siquijor,10950,15141.0,1644.0,2,0,2910.0,1822.0,80.0,10102.0,730,N,3,0.69,6
920,S,Masbate,14965,30531.0,3154.0,1,0,2482.0,692.0,1006.0,8172.0,1825,L,2,0.74,8
921,U,Catanduanes,2555,2330.0,1070.0,1,1,516.0,976.0,684.0,11438.0,365,U,2,0.47,0
922,S,Ilocos Sur,4015,5746.0,88.0,0,1,3174.0,227.0,532.0,7664.0,365,N,5,0.55,1
923,M,Cebu,1825,805.0,4616.0,0,0,140.0,502.0,280.0,9031.0,1095,U,-1,0.43,0
924,U,Guimaras,16425,1522.0,1490.0,2,0,1902.0,676.0,1114.0,27062.0,3285,N,7,0.67,5
925,M,Basilan,20805,3594.0,560.0,2,3,334.0,127.0,2366.0,27500.0,2190,N,3,0.74,8
926,D,Quezon Province,10220,117938.0,1377.0,2,0,112.0,646.0,1143.0,20547.0,4745,H,4,0.79,9
927,M,Kalinga-Apayao,2920,12445.0,3066.0,0,1,1291.0,984.0,398.0,9266.0,730,L,2,0.56,2
928,S,Maguindanao,2190,47562.0,150.0,0,1,449.0,263.0,11.0,17891.0,1095,L,3,0.62,3
929,S,Davao del Norte,20276,15648.0,1220.0,1,0,3994.0,448.0,281.0,17453.0,0,U,1,0.77,8
930,U,Sarangani,14965,6496.0,4268.0,2,0,100.0,874.0,72.0,344.0,730,U,4,0.57,2
931,M,Catanduanes,3285,35344.0,428.0,0,0,612.0,2600.0,119.0,9211.0,730,N,4,0.62,4
932,M,Antique,2920,31469.0,278.0,2,0,1761.0,2033.0,1157.0,3621.0,5110,L,3,0.57,2
933,S,Marinduque,4015,32094.0,97.0,1,2,736.0,378.0,77.0,7684.0,0,H,2,0.62,4
934,D,Zamboanga Del Sur,16425,10328.0,1105.0,1,1,106.0,156.0,982.0,5254.0,365,N,6,0.67,5
935,M,Catanduanes,5475,1855.0,850.0,2,2,309.0,230.0,158.0,9086.0,3285,U,7,0.55,1
936,D,Lanao Del Sur,10585,27594.0,1339.0,1,0,110.0,232.0,310.0,6969.0,1095,U,2,0.68,6
937,S,Maguindanao,9855,24438.0,2582.0,1,0,1638.0,238.0,232.0,17328.0,0,U,4,0.72,7
938,M,Mindoro Oriental,-22101,13602.0,1312.0,1,1,3068.0,417.0,856.0,18141.0,1825,N,3,0.78,8
939,M,Mindoro Occidental,13140,2453.0,574.0,0,0,858.0,313.0,3946.0,27828.0,1095,N,2,0.68,6
940,M,Lanao Del Norte,4380,7719.0,398.0,0,1,1092.0,299.0,33.0,388.0,2555,L,6,0.49,0
941,M,Romblon,18980,38031.0,106.0,3,1,32.0,1716.0,618.0,5727.0,4015,U,2,0.76,8
942,U,Bohol,8760,18000.0,474.0,1,1,800.0,90.0,476.0,27641.0,365,H,6,0.7,6
943,S,Camarines Norte,23360,10930.0,386.0,1,0,19.0,213.0,615.0,8430.0,4015,U,2,0.73,7
944,S,Nueva Vizcaya,4380,47906.0,22.0,3,0,326.0,1909.0,1208.0,86875.0,1095,N,2,0.75,8
945,M,Southern Leyte,14235,44688.0,159.0,0,0,1208.0,1274.0,1902.0,43688.0,365,H,4,0.83,9
946,S,Nueva Ecija,17520,828.0,258.0,2,1,3404.0,215.0,535.0,32406.0,5110,U,5,0.68,6
947,D,Cagayan,7665,11320.0,306.0,2,1,1523.0,4316.0,303.0,3213.0,5840,H,4,0.59,3
948,M,Catanduanes,5110,49969.0,502.0,1,0,61.0,783.0,866.0,19078.0,4745,N,1,0.7,7
949,S,Sarangani,1095,16422.0,212.0,1,1,202.0,949.0,726.0,17344.0,365,N,7,0.51,1
950,U,Manila,-23926,7383.0,769.0,2,3,876.0,854.0,97.0,30469.0,365,L,4,0.76,8
951,D,Zamboanga Del Sur,5840,5891.0,708.0,2,1,132.0,1942.0,93.0,20547.0,1460,N,5,0.61,3
952,M,Bataan,1460,4492.0,561.0,1,1,1580.0,138.0,290.0,31453.0,5840,N,1,0.51,1
953,S,Lanao Del Norte,18980,11117.0,114.0,2,0,948.0,3132.0,1133.0,18047.0,3650,U,-1,0.75,8
954,S,Bataan,9125,28812.0,185.0,2,0,644.0,155.0,738.0,4320.0,730,U,2,0.66,5
955,U,Nueva Ecija,365,4637.0,236.0,1,0,3816.0,567.0,1402.0,11328.0,5475,U,3,0.33,0
956,M,Davao del Norte,22630,44844.0,616.0,1,2,1521.0,1967.0,952.0,20172.0,1460,L,4,0.84,9
957,D,Manila,12775,27922.0,92.0,0,1,874.0,1037.0,1894.0,6332.0,1095,N,4,0.7,6
958,U,Bulacan,2190,11359.0,1798.0,0,0,4780.0,2126.0,1234.0,16125.0,9490,L,2,0.53,1
959,M,Cagayan,1095,10055.0,78.0,1,1,2318.0,464.0,260.0,9633.0,0,N,5,0.47,0
960,O,Cebu,2190,4551.0,1306.0,1,3,155.0,222.0,784.0,2994.0,0,H,4,0.43,0
961,M,La Union,365,1832.0,1081.0,2,3,174.0,572.0,6000.0,1521.0,1460,L,2,0.25,0
962,S,Sulu,28470,9617.0,1332.0,3,1,1714.0,2076.0,184.0,62156.0,4380,N,-1,0.83,9
963,M,Sarangani,24090,15719.0,264.0,2,0,135.0,2590.0,394.0,6195.0,730,U,2,0.75,8
964,U,Manila,3285,25344.0,1703.0,2,0,858.0,604.0,884.0,72750.0,2555,L,2,0.67,5
965,D,Cagayan,6570,8695.0,88.0,1,1,2750.0,518.0,238.0,15594.0,1095,N,2,0.63,4
966,M,Lanao Del Norte,3285,32312.0,1259.0,2,2,510.0,26.0,472.0,6270.0,730,N,2,0.6,3
967,S,Sulu,8760,23641.0,976.0,1,2,933.0,516.0,858.0,5562.0,2190,N,2,0.66,5
968,D,Mindoro Occidental,2555,13367.0,989.0,1,1,4580.0,515.0,854.0,4617.0,730,L,3,0.51,1
969,S,Siquijor,730,3496.0,456.0,1,0,2240.0,772.0,970.0,6543.0,365,U,6,0.37,0
970,O,Nueva Ecija,8030,40375.0,84.0,3,1,7290.0,123.0,351.0,56594.0,730,H,6,0.76,8
971,S,Maguindanao,5110,63531.0,392.0,3,0,2582.0,1490.0,89.0,3936.0,2190,N,4,0.64,4
972,M,Guimaras,23360,41344.0,348.0,2,0,1398.0,574.0,1045.0,2801.0,365,L,6,0.76,8
973,M,Antique,21170,12555.0,646.0,2,0,988.0,128.0,1583.0,4891.0,730,L,2,0.72,7
974,D,Maguindanao,8760,2275.0,143.0,2,0,1105.0,336.0,1483.0,2086.0,365,N,6,0.53,1
975,D,Mindoro Occidental,6205,2670.0,354.0,1,2,1606.0,1076.0,1994.0,40469.0,730,N,6,0.62,4
976,D,Manila,3285,4941.0,674.0,2,1,203.0,495.0,544.0,14133.0,1825,L,2,0.54,1
977,U,Ilocos Norte,12045,5234.0,3876.0,0,1,340.0,2396.0,470.0,1059.0,1095,U,7,0.56,2
978,S,Masbate,10585,6707.0,606.0,1,3,2022.0,1667.0,674.0,56000.0,1095,N,3,0.72,7
979,D,Sulu,-20641,3670.0,395.0,1,1,664.0,2758.0,109.0,35812.0,7665,L,4,0.73,7
980,M,Davao del Norte,13870,18219.0,720.0,2,0,2734.0,492.0,1347.0,21562.0,3650,U,2,0.76,8
981,M,Mindoro Oriental,4015,9797.0,252.0,2,1,2088.0,2602.0,176.0,21469.0,365,L,2,0.62,3
982,U,Quezon Province,4380,22453.0,311.0,2,1,1220.0,780.0,532.0,4180.0,730,N,3,0.57,2
983,D,Catanduanes,10950,28250.0,6.0,0,1,847.0,1566.0,381.0,8320.0,1460,U,2,0.7,6
984,U,Sorsogon,7665,6566.0,2420.0,3,1,637.0,264.0,2380.0,13953.0,365,N,3,0.62,4
985,M,Bulacan,3650,13406.0,604.0,1,1,730.0,2364.0,210.0,872.0,365,U,4,0.51,1
986,U,Ifugao,5475,15664.0,2054.0,1,1,757.0,493.0,1284.0,69938.0,1095,N,2,0.7,6
987,S,Guimaras,20805,11031.0,1379.0,2,0,1602.0,2076.0,1506.0,9766.0,365,L,4,0.73,7
988,M,Davao del Norte,17155,13438.0,81.0,2,0,1026.0,1067.0,510.0,59406.0,2920,N,-1,0.81,9
989,M,Manila,5840,388.0,375.0,1,0,155.0,1362.0,1066.0,21891.0,1460,N,2,0.56,2
990,D,Bukidnon,3285,12062.0,2000.0,0,0,1748.0,1703.0,80.0,13594.0,365,L,4,0.57,2
991,M,Davao del Norte,10220,3086.0,303.0,1,0,134.0,948.0,186.0,21219.0,1095,L,1,0.66,5
992,S,Mindoro Oriental,5110,2652.0,340.0,1,0,154.0,1286.0,264.0,4242.0,730,N,1,0.52,1
993,M,Negros Occidental,1825,8289.0,273.0,1,0,495.0,269.0,666.0,10102.0,730,N,2,0.51,1
994,D,Mindoro Oriental,5840,76688.0,1498.0,3,0,562.0,6.0,132.0,5008.0,1095,L,4,0.66,5
995,U,Kalinga-Apayao,4380,10461.0,1933.0,2,1,979.0,1581.0,330.0,25875.0,1825,L,4,0.61,3
996,S,Bulacan,19345,5449.0,836.0,2,2,1197.0,1318.0,828.0,11438.0,365,N,2,0.7,6
997,M,Guimaras,5475,28578.0,1204.0,2,0,4516.0,287.0,5576.0,111.0,1095,L,2,0.55,2
998,M,Camarines Norte,5110,27094.0,14.0,1,1,629.0,1947.0,758.0,579.0,1460,L,2,0.56,2
999,M,Mindoro Occidental,18250,18344.0,1145.0,0,3,583.0,487.0,1171.0,4359.0,1460,N,4,0.72,7
